date,min,max,median,q1,q3,stdev,count
2019-12-09T00:00:00.000Z,0.42,2.95,1.75,0.91,2.04,0.623,317
2019-12-10T00:00:00.000Z,0.64,3.65,1.36,1.11,2.11,0.701,413
2019-12-11T00:00:00.000Z,0.74,4.74,2.22,1.77,2.6,0.687,431
2019-12-12T00:00:00.000Z,0.4,22.22,14.82,1.05,18.82,8.125,496
2019-12-13T00:00:00.000Z,3.44,20.16,9.68,7,13.42,4.241,559
2019-12-14T00:00:00.000Z,1.38,15.54,5.61,3.57,8.42,3.478,400
2019-12-15T00:00:00.000Z,0.68,11.53,2.49,1.65,3.61,1.56,581
2019-12-16T00:00:00.000Z,1.2,3.47,2,1.64,2.58,0.585,289
2019-12-17T00:00:00.000Z,1.31,8.9,4.61,3.66,5.85,1.655,290
2019-12-18T00:00:00.000Z,0.4,6.83,1.27,0.95,1.96,1.295,464
2019-12-19T00:00:00.000Z,0.88,12.32,3.78,1.91,5.72,2.504,552
2019-12-20T00:00:00.000Z,4.01,31.78,16.62,11,24.04,7.304,592
2019-12-21T00:00:00.000Z,11.86,42.82,31.04,28.1,37.06,6.302,579
2019-12-22T00:00:00.000Z,2.06,11.3,4.3,3.57,5.18,1.41,591
2019-12-23T00:00:00.000Z,1.54,8.94,3.4,2.52,4.13,1.25,591
2019-12-24T00:00:00.000Z,2.56,12.32,4.93,4.08,6.32,2.234,594
2019-12-25T00:00:00.000Z,0.62,13.3,6.11,4.07,8.98,3.139,586
2019-12-26T00:00:00.000Z,0.56,4.76,1.94,1.47,2.76,0.901,590
2019-12-27T00:00:00.000Z,0.64,3.7,2.27,1.73,2.64,0.685,590
2019-12-28T00:00:00.000Z,1.15,6.45,2.4,1.99,3,0.747,589
2019-12-29T00:00:00.000Z,2.2,17.07,8,3.94,11.5,4.28,591
2019-12-30T00:00:00.000Z,1.05,14.34,3.52,2.9,4.46,2.503,584
2019-12-31T00:00:00.000Z,0.44,21.04,0.88,0.7,1.08,1.81,572
2020-01-01T00:00:00.000Z,0.85,4.58,1.5,1.28,2.45,0.797,588
2020-01-02T00:00:00.000Z,1.3,10.74,6.44,4.92,7.79,2.156,575
2020-01-03T00:00:00.000Z,0.38,7.7,1.04,0.81,1.8,1.277,555
2020-01-04T00:00:00.000Z,0.45,2.29,0.88,0.72,1.13,0.365,559
2020-01-05T00:00:00.000Z,0.68,2.63,1.24,1.06,1.47,0.341,567
2020-01-06T00:00:00.000Z,0.47,4.07,2.04,1.5,2.42,0.659,524
2020-01-07T00:00:00.000Z,0.4,12.58,4.16,0.88,6.6,3.264,520
2020-01-08T00:00:00.000Z,0.74,4.2,2.52,2.31,2.83,0.509,513
2020-01-09T00:00:00.000Z,2.31,11.1,3.46,3.12,4.2,0.913,537
2020-01-10T00:00:00.000Z,1.75,7.8,3.55,2.78,4.62,1.269,430
2020-01-11T00:00:00.000Z,0.6,4.72,2.23,1.52,3.1,0.936,526
2020-01-12T00:00:00.000Z,0.3,3.76,1.63,0.8,2.02,0.688,573
2020-01-13T00:00:00.000Z,1.21,4.43,2.47,2.08,2.91,0.59,488
2020-01-14T00:00:00.000Z,1.85,11.25,4.01,2.5,5.37,2.005,445
2020-01-15T00:00:00.000Z,0.55,5.44,1.58,1.28,2.25,0.912,461
2020-01-16T00:00:00.000Z,0.8,5.63,3.45,2.45,4.03,1.11,478
2020-01-17T00:00:00.000Z,2.04,22.15,7.62,3.1,15.07,5.998,466
2020-01-18T00:00:00.000Z,0.6,28.22,10.31,1.34,17.16,7.783,504
2020-01-19T00:00:00.000Z,0.55,3.15,1,0.88,1.12,0.28,468
2020-01-20T00:00:00.000Z,0.75,3.36,1.93,1.59,2.45,0.581,367
2020-01-21T00:00:00.000Z,0.7,4.22,1.4,1,2.68,0.959,461
2020-01-22T00:00:00.000Z,0.62,1.13,0.8,0.7,0.95,0.158,19
2020-01-23T00:00:00.000Z,0.8,2.85,1.46,1.12,1.79,0.429,85
2020-01-24T00:00:00.000Z,0.86,2.54,1.56,1.4,1.78,0.313,267
2020-01-25T00:00:00.000Z,0.6,3.86,1.2,1,1.98,0.765,301
2020-01-26T00:00:00.000Z,0.7,3.04,1.41,1.15,1.88,0.493,310
2020-01-27T00:00:00.000Z,2.4,17.39,6.66,5.09,8.07,3.147,256
2020-01-28T00:00:00.000Z,3.16,17.82,9.59,7.96,11.23,3.077,272
2020-01-29T00:00:00.000Z,0.94,9.73,3.64,2.08,5.2,2.147,307
2020-01-30T00:00:00.000Z,1.49,8.19,3.45,2.42,5.92,1.866,292
2020-01-31T00:00:00.000Z,0.45,6.35,1.5,0.9,3.17,1.633,287
2020-02-01T00:00:00.000Z,0.5,4.34,2.1,1.65,2.56,0.707,328
2020-02-02T00:00:00.000Z,0.38,2.8,0.66,0.55,0.88,0.36,329
2020-02-03T00:00:00.000Z,0.37,5.32,1.14,0.7,2.04,1.157,312
2020-02-04T00:00:00.000Z,0.78,4.49,1.81,1.23,2.96,0.945,257
2020-02-05T00:00:00.000Z,0.48,1.7,0.97,0.82,1.1,0.226,234
2020-02-06T00:00:00.000Z,0.4,3.05,1.36,0.79,1.97,0.638,232
2020-02-07T00:00:00.000Z,1.07,5.09,2.86,2.29,3.5,0.896,212
2020-02-08T00:00:00.000Z,0.97,12.04,3.07,1.82,4.5,1.745,198
2020-02-09T00:00:00.000Z,3.1,18.25,9.15,6.9,11.98,3.315,366
2020-02-10T00:00:00.000Z,0.55,5.15,1.72,1.39,2.22,0.897,361
2020-02-11T00:00:00.000Z,0.94,3.9,2.54,2.15,2.9,0.568,364
2020-02-12T00:00:00.000Z,0.55,5.25,1.38,0.88,3,1.151,390
2020-02-13T00:00:00.000Z,0.6,2.46,1.02,0.85,1.27,0.302,372
2020-02-14T00:00:00.000Z,0.85,5.64,1.83,1.3,2.72,0.872,390
2020-02-15T00:00:00.000Z,1.2,7.15,3.44,2.15,4.99,1.527,318
2020-02-16T00:00:00.000Z,0.53,13.64,2.59,1.18,4.51,2.851,382
2020-02-17T00:00:00.000Z,0.56,4.25,1.98,1.48,2.75,0.848,341
2020-02-18T00:00:00.000Z,0.95,4.96,2.7,2.09,3.32,0.853,304
2020-02-19T00:00:00.000Z,0.74,3.2,1.51,1.15,1.98,0.491,456
2020-02-20T00:00:00.000Z,0.62,6.17,2,1.42,2.54,1.073,502
2020-02-21T00:00:00.000Z,0.57,10.83,2.71,1.51,3.85,2.374,420
2020-02-22T00:00:00.000Z,0.4,2.42,1.09,0.8,1.48,0.426,429
2020-02-23T00:00:00.000Z,0.45,4.38,0.95,0.75,1.53,0.714,452
2020-02-24T00:00:00.000Z,0.57,4.4,1.25,0.95,1.97,0.749,526
2020-02-25T00:00:00.000Z,0.64,4.46,1.64,1.28,2.06,0.566,447
2020-02-26T00:00:00.000Z,0.53,1.7,0.95,0.82,1.13,0.227,396
2020-02-27T00:00:00.000Z,0.6,4.07,1.36,1.04,1.9,0.544,558
2020-02-28T00:00:00.000Z,0.7,3.46,1.35,1.14,1.76,0.536,560
2020-02-29T00:00:00.000Z,1.1,9.59,2.35,1.85,4.54,2.083,574
2020-03-01T00:00:00.000Z,0.9,11.82,2.18,1.85,2.6,2.025,578
2020-03-02T00:00:00.000Z,1.2,6.02,2.66,2.17,3.32,0.872,471
2020-03-03T00:00:00.000Z,1.66,19.2,6.1,4.96,7.9,3.589,420
2020-03-04T00:00:00.000Z,0.52,16.07,1.12,0.95,1.55,3.178,588
2020-03-05T00:00:00.000Z,0.65,5.38,1.4,1.1,1.92,0.719,586
2020-03-06T00:00:00.000Z,0.57,4.51,2.04,1.52,2.5,0.791,591
2020-03-07T00:00:00.000Z,3.45,23.37,7.78,5.76,12.22,3.903,592
2020-03-08T00:00:00.000Z,4.19,20.5,10.16,8.35,12.96,3.449,590
2020-03-09T00:00:00.000Z,1.5,18.48,6.28,3.38,10.5,4.05,582
2020-03-10T00:00:00.000Z,1.24,20.62,5.38,3.75,10.74,4.809,583
2020-03-11T00:00:00.000Z,0.44,5.09,2.42,0.92,3.16,1.172,580
2020-03-12T00:00:00.000Z,0.67,3.84,1.7,1.28,2.18,0.624,490
2020-03-13T00:00:00.000Z,0.55,2.42,0.95,0.8,1.2,0.296,506
2020-03-14T00:00:00.000Z,0.45,4.43,0.95,0.78,1.4,0.592,546
2020-03-15T00:00:00.000Z,1.92,5.77,3.78,3.06,4.29,0.818,293
2020-03-16T00:00:00.000Z,0.65,8.35,1.77,1.2,4.45,1.693,583
2020-03-17T00:00:00.000Z,0.92,3.95,2.08,1.69,2.62,0.62,558
2020-03-18T00:00:00.000Z,0.5,4.44,1.6,0.96,2.92,1.044,501
2020-03-19T00:00:00.000Z,0.65,3.7,1.4,1.13,1.7,0.452,554
2020-03-20T00:00:00.000Z,0.66,4.05,1.36,1.05,1.76,0.596,466
2020-03-21T00:00:00.000Z,0.55,2.22,1.05,0.9,1.32,0.33,483
2020-03-22T00:00:00.000Z,0.65,2.31,1.27,1.02,1.5,0.339,455
2020-03-23T00:00:00.000Z,0.82,12.28,1.64,1.3,2.02,1.352,446
2020-03-24T00:00:00.000Z,1.33,5.26,2.5,2.12,3.02,0.664,450
2020-03-25T00:00:00.000Z,1.4,6.25,3.45,3,4.28,0.913,430
2020-03-26T00:00:00.000Z,3.2,11.2,6.55,5.85,8.88,1.907,417
2020-03-27T00:00:00.000Z,4.5,12.07,8,6.75,9.55,1.61,379
2020-03-28T00:00:00.000Z,0.7,1.93,1.15,1,1.41,0.266,178
2020-03-29T00:00:00.000Z,0.5,2.58,0.92,0.83,1.06,0.292,340
2020-03-30T00:00:00.000Z,0.6,1.77,0.93,0.83,1.06,0.194,140
2020-03-31T00:00:00.000Z,0.63,4.68,1.2,1.01,1.55,0.553,319
2020-04-01T00:00:00.000Z,0.5,3.8,1.35,1.05,1.58,0.395,188
2020-04-02T00:00:00.000Z,0.4,5.03,1.74,1.23,2.49,0.924,413
2020-04-03T00:00:00.000Z,0.5,2.83,0.86,0.75,1,0.281,451
2020-04-04T00:00:00.000Z,0.56,4.8,0.95,0.81,1.14,0.352,517
2020-04-05T00:00:00.000Z,0.74,13.38,1.75,1.23,3.84,2.973,529
2020-04-06T00:00:00.000Z,2.5,16.5,5.46,4.51,8.14,3.123,510
2020-04-07T00:00:00.000Z,1.32,20.07,9.44,2.38,11.3,4.962,438
2020-04-08T00:00:00.000Z,1.92,4.58,2.8,2.5,3.1,0.449,461
2020-04-09T00:00:00.000Z,0.5,4.09,1.04,0.8,1.29,0.699,453
2020-04-10T00:00:00.000Z,0.45,3.4,0.82,0.7,1.25,0.478,493
2020-04-11T00:00:00.000Z,0.7,4.82,3.18,1.4,3.76,1.249,156
2020-04-12T00:00:00.000Z,0.42,11.65,2.4,1.33,4.86,2.827,592
2020-04-13T00:00:00.000Z,0.5,1.8,0.98,0.84,1.14,0.238,587
2020-04-14T00:00:00.000Z,0.5,5.07,1.05,0.81,1.38,0.457,569
2020-04-15T00:00:00.000Z,0.45,7.66,0.9,0.74,1.28,0.848,528
2020-04-16T00:00:00.000Z,0.45,3.15,0.84,0.7,1.02,0.304,526
2020-04-17T00:00:00.000Z,0.5,2.31,0.85,0.74,1.01,0.235,584
2020-04-18T00:00:00.000Z,0.55,1.86,1.1,0.89,1.27,0.266,589
2020-04-19T00:00:00.000Z,0.5,4.05,0.97,0.75,1.87,0.689,571
2020-04-20T00:00:00.000Z,0.53,3.24,1.11,0.95,1.38,0.418,515
2020-04-21T00:00:00.000Z,0.65,2.39,1.14,0.98,1.35,0.298,382
2020-04-22T00:00:00.000Z,0.65,7.52,1.08,0.95,1.25,0.562,426
2020-04-23T00:00:00.000Z,0.7,2.4,1.25,1.08,1.44,0.307,486
2020-04-24T00:00:00.000Z,0.43,1.76,0.75,0.64,0.97,0.244,555
2020-04-25T00:00:00.000Z,0.45,1.64,0.7,0.63,0.8,0.171,511
2020-04-26T00:00:00.000Z,0.44,2.66,1.18,0.93,1.72,0.492,566
2020-04-27T00:00:00.000Z,0.88,4.33,1.63,1.38,2,0.613,540
2020-04-28T00:00:00.000Z,0.75,2.24,1.32,1.17,1.54,0.292,414
2020-04-29T00:00:00.000Z,0.86,4.3,1.55,1.33,2.13,0.625,525
2020-04-30T00:00:00.000Z,1.47,8.13,3.46,2.65,4.45,1.359,546
2020-05-01T00:00:00.000Z,2.22,15.08,5.5,3.99,9.57,3.312,562
2020-05-02T00:00:00.000Z,0.6,10.95,1.3,0.92,2.12,2.237,548
2020-05-03T00:00:00.000Z,0.5,3.18,1.55,0.96,2.04,0.638,582
2020-05-04T00:00:00.000Z,0.73,4.46,1.18,1,1.58,0.838,535
2020-05-05T00:00:00.000Z,0.53,8.11,1.35,1.05,1.76,0.888,496
2020-05-06T00:00:00.000Z,0.62,3.58,1.18,1,1.43,0.387,595
2020-05-07T00:00:00.000Z,0.6,3.26,1.15,0.99,1.38,0.354,386
2020-05-08T00:00:00.000Z,1.2,6.55,2.69,2.04,3.24,1.006,349
2020-05-09T00:00:00.000Z,0.45,3.42,1,0.8,1.25,0.387,348
2020-05-10T00:00:00.000Z,0.56,7.9,3.01,1.96,5.01,1.84,247
2020-05-11T00:00:00.000Z,0.45,8.67,0.88,0.75,1.04,0.622,357
2020-05-12T00:00:00.000Z,0.55,1.94,0.94,0.81,1.1,0.216,471
2020-05-13T00:00:00.000Z,0.44,4.01,0.95,0.75,1.12,0.408,460
2020-05-14T00:00:00.000Z,0.55,2.92,1.07,0.9,1.45,0.453,464
2020-05-15T00:00:00.000Z,0.6,2.27,1.08,0.88,1.3,0.294,534
2020-05-16T00:00:00.000Z,0.5,2.82,0.85,0.75,1,0.26,338
2020-05-17T00:00:00.000Z,0.35,2.25,0.8,0.6,1.3,0.415,545
2020-05-18T00:00:00.000Z,0.35,1.43,0.72,0.6,0.94,0.222,479
2020-05-19T00:00:00.000Z,0.5,2.85,1.1,0.9,1.34,0.342,550
2020-05-20T00:00:00.000Z,0.51,3.2,1,0.8,1.35,0.384,552
2020-05-21T00:00:00.000Z,0.52,7.95,1.1,0.81,1.38,0.65,524
2020-05-22T00:00:00.000Z,0.7,3.38,1.86,1.54,2.15,0.478,548
2020-05-23T00:00:00.000Z,0.76,9.86,2.14,1.6,4.7,2.344,514
2020-05-24T00:00:00.000Z,1.4,10.07,3.57,2.6,4.3,1.404,549
2020-05-25T00:00:00.000Z,1.3,10,2.4,2.02,3.2,1.723,547
2020-05-26T00:00:00.000Z,1,13.67,2,1.67,2.63,1.068,507
2020-05-27T00:00:00.000Z,0.9,5.23,2.06,1.63,2.6,0.665,535
2020-05-28T00:00:00.000Z,0.4,4.13,1,0.75,1.5,0.67,552
2020-05-29T00:00:00.000Z,0.4,6.47,1,0.83,1.5,0.55,549
2020-05-30T00:00:00.000Z,0.3,2.43,0.63,0.5,0.8,0.348,568
2020-05-31T00:00:00.000Z,0.3,1.8,0.6,0.5,0.7,0.181,514
2020-06-01T00:00:00.000Z,0.4,3.17,1,0.8,1.3,0.451,497
2020-06-02T00:00:00.000Z,0.8,4.76,1.47,1.2,1.73,0.458,542
2020-06-03T00:00:00.000Z,0.8,5.77,1.8,1.5,2.23,0.867,463
2020-06-04T00:00:00.000Z,1.17,5.57,2.8,2.37,3.27,0.866,545
2020-06-05T00:00:00.000Z,2.43,8.43,4.2,3.7,4.93,1.178,446
2020-06-06T00:00:00.000Z,0.4,5.2,1.23,0.9,1.97,0.975,492
2020-06-07T00:00:00.000Z,0.56,4.37,1.17,0.93,1.4,0.373,552
2020-06-08T00:00:00.000Z,0.56,3.2,1.43,1.1,1.77,0.452,546
2020-06-09T00:00:00.000Z,0.4,4,1.6,1.23,2.17,0.646,500
2020-06-10T00:00:00.000Z,0.3,8.6,0.7,0.6,1.03,0.676,542
2020-06-11T00:00:00.000Z,0.4,1.7,0.8,0.63,1,0.259,568
2020-06-12T00:00:00.000Z,0.6,3.1,1.6,1.4,1.89,0.391,577
2020-06-13T00:00:00.000Z,0.6,2.7,1.3,1.09,1.6,0.354,552
2020-06-14T00:00:00.000Z,0.56,2.7,1.3,1,1.57,0.388,340
2020-06-15T00:00:00.000Z,0.77,6.1,1.47,1.23,1.7,0.445,571
2020-06-16T00:00:00.000Z,1.1,10.3,2.4,1.73,3.5,1.651,575
2020-06-17T00:00:00.000Z,1.7,8.83,3.57,2.6,4.4,1.377,551
2020-06-18T00:00:00.000Z,2.2,9,3.4,2.93,4.23,1.203,512
2020-06-19T00:00:00.000Z,1.17,7.03,2.9,1.92,3.6,1.194,492
2020-06-20T00:00:00.000Z,0.73,9,4,2,5.17,1.986,586
2020-06-21T00:00:00.000Z,0.8,2.8,1.57,1.37,1.77,0.31,588
2020-06-22T00:00:00.000Z,0.8,4.9,1.97,1.6,2.27,0.503,563
2020-06-23T00:00:00.000Z,1,6.4,2.02,1.7,2.54,0.721,572
2020-06-24T00:00:00.000Z,1.57,19.17,2.95,2.6,3.45,1.313,592
2020-06-25T00:00:00.000Z,1.2,5.87,3.3,2.6,3.9,0.88,556
2020-06-26T00:00:00.000Z,1.5,13.3,2.7,2.33,3.4,1.203,563
2020-06-27T00:00:00.000Z,2.02,30.43,3.23,2.77,4.23,1.906,519
2020-06-28T00:00:00.000Z,2.93,15.77,4.4,3.9,5.03,1.738,447
2020-06-29T00:00:00.000Z,0.67,18.13,2.17,1.67,4.4,2.728,480
2020-06-30T00:00:00.000Z,0.5,4.47,1.53,1.17,1.83,0.506,475
2020-07-01T00:00:00.000Z,0.56,2.4,1.1,0.95,1.4,0.337,460
2020-07-02T00:00:00.000Z,0.5,3.8,1.2,1.03,1.5,0.353,458
2020-07-03T00:00:00.000Z,0.4,2.67,1.03,0.8,1.33,0.404,474
2020-07-04T00:00:00.000Z,0.3,2.9,0.9,0.7,1.17,0.452,499
2020-07-05T00:00:00.000Z,0.5,6.6,1.7,1.3,2.33,0.968,475
2020-07-06T00:00:00.000Z,0.53,3.27,1.3,1.1,1.57,0.375,280
2020-07-07T00:00:00.000Z,0.3,1.87,0.67,0.5,0.8,0.251,424
2020-07-08T00:00:00.000Z,0.4,3.13,0.87,0.7,1.1,0.309,444
2020-07-09T00:00:00.000Z,0.3,3,0.7,0.5,0.9,0.399,474
2020-07-10T00:00:00.000Z,0.5,15.9,1.4,0.93,1.9,1.261,430
2020-07-11T00:00:00.000Z,0.4,2.63,1.1,0.8,1.4,0.434,338
2020-07-12T00:00:00.000Z,0.4,1.9,0.87,0.7,1.1,0.256,385
2020-07-13T00:00:00.000Z,0.4,5.7,1.1,0.8,1.6,1.014,391
2020-07-14T00:00:00.000Z,0.8,10.63,1.8,1.43,2.31,0.946,441
2020-07-15T00:00:00.000Z,0.9,7.1,2.23,1.73,3.8,1.368,350
2020-07-16T00:00:00.000Z,0.8,14.77,1.6,1.3,7.5,3.828,324
2020-07-17T00:00:00.000Z,0.53,2.57,1.3,1.1,1.57,0.363,492
2020-07-18T00:00:00.000Z,0.7,4.97,1.5,1.3,1.99,0.841,457
2020-07-19T00:00:00.000Z,0.9,7.43,2.83,1.6,5.33,1.943,158
2020-07-20T00:00:00.000Z,0.7,6.2,2.2,1.53,2.93,1.087,176
2020-07-21T00:00:00.000Z,0.33,2.7,0.7,0.56,0.93,0.274,261
2020-07-22T00:00:00.000Z,0.3,1.53,0.5,0.4,0.6,0.154,273
2020-07-23T00:00:00.000Z,0.3,1.2,0.5,0.4,0.56,0.124,302
2020-07-24T00:00:00.000Z,0.3,1.3,0.6,0.5,0.67,0.15,381
2020-07-25T00:00:00.000Z,0.4,2.29,0.6,0.5,1.43,0.577,82
2020-07-26T00:00:00.000Z,0.5,2.97,1.3,0.9,1.77,0.513,450
2020-07-27T00:00:00.000Z,0.8,8.5,2.37,1.83,3.43,1.53,279
2020-07-28T00:00:00.000Z,1.2,24.83,2.8,2.13,7.17,3.427,423
2020-07-29T00:00:00.000Z,0.53,4,1.3,1.05,1.9,0.708,337
2020-07-30T00:00:00.000Z,0.4,3.37,1.23,0.87,1.8,0.628,364
2020-07-31T00:00:00.000Z,0.63,6.23,2,1.3,3.51,1.258,376
2020-08-01T00:00:00.000Z,1.1,9.13,2.7,1.97,4.17,1.75,367
2020-08-02T00:00:00.000Z,0.4,8.67,2.47,1.5,4.09,1.545,331
2020-08-03T00:00:00.000Z,0.43,5.83,1.5,1.02,1.9,0.613,365
2020-08-04T00:00:00.000Z,0.2,5.23,0.7,0.5,0.95,0.458,421
2020-08-05T00:00:00.000Z,0.5,4.23,1.2,1,1.43,0.386,408
2020-08-06T00:00:00.000Z,0.77,10.02,1.6,1.3,2.23,0.943,343
2020-08-07T00:00:00.000Z,0.4,13.63,2.02,1.45,3.62,1.496,436
2020-08-08T00:00:00.000Z,0.8,4.83,1.97,1.4,3.23,1.07,374
2020-08-09T00:00:00.000Z,0.7,6.1,1.7,1.3,3.2,1.233,459
2020-08-10T00:00:00.000Z,0.4,6.3,1.1,0.9,1.3,0.787,440
2020-08-11T00:00:00.000Z,0.7,8.5,1.43,1.17,1.87,0.874,462
2020-08-12T00:00:00.000Z,0.83,2.5,1.43,1.3,1.63,0.285,467
2020-08-13T00:00:00.000Z,1.43,22.1,3.53,2.87,5.01,2.251,473
2020-08-14T00:00:00.000Z,2.17,10.77,4.17,3.3,5.2,1.79,391
2020-08-15T00:00:00.000Z,2.02,6.9,4.59,3.23,5.33,1.165,479
2020-08-16T00:00:00.000Z,0.7,10.02,3.85,1.1,6.8,2.872,474
2020-08-17T00:00:00.000Z,1.1,17.3,4.8,3,6.23,2.315,468
2020-08-18T00:00:00.000Z,2,13.53,3.73,3.1,4.67,1.882,439
2020-08-19T00:00:00.000Z,1.7,16.27,3.33,2.77,4.63,2.711,440
2020-08-20T00:00:00.000Z,1.2,14.23,3.03,2.47,3.63,1.381,471
2020-08-21T00:00:00.000Z,1.83,17.82,4.13,3.2,7.7,3.828,450
2020-08-22T00:00:00.000Z,1.27,8.13,3.1,2.1,4.51,1.476,413
2020-08-23T00:00:00.000Z,0.9,3.83,1.7,1.43,2.17,0.542,407
2020-08-24T00:00:00.000Z,0.4,3.5,0.9,0.7,2,0.777,351
2020-08-25T00:00:00.000Z,0.4,5.83,0.7,0.6,0.87,0.328,378
2020-08-26T00:00:00.000Z,0.4,2.6,0.83,0.7,1.1,0.344,395
2020-08-27T00:00:00.000Z,0.3,2.8,0.63,0.5,0.9,0.376,465
2020-08-28T00:00:00.000Z,0.3,2.47,0.87,0.7,1.27,0.422,402
2020-08-29T00:00:00.000Z,0.5,2.97,1.33,0.97,1.67,0.483,420
2020-08-30T00:00:00.000Z,0.5,5.13,1.37,0.9,2.2,1.014,397
2020-08-31T00:00:00.000Z,0.3,3.43,0.8,0.53,1.2,0.591,396
2020-09-01T00:00:00.000Z,0.63,3.77,1.57,1.12,2.23,0.654,361
2020-09-02T00:00:00.000Z,0.6,4.4,2.33,1.73,2.8,0.816,475
2020-09-03T00:00:00.000Z,1.8,12.17,5.52,4.53,6.83,1.983,470
2020-09-04T00:00:00.000Z,0.77,176.17,2.5,1.73,5.5,25,482
2020-09-05T00:00:00.000Z,0.7,4.33,1.9,1.43,2.4,0.655,479
2020-09-06T00:00:00.000Z,0.5,3.4,1.1,0.9,1.5,0.473,470
2020-09-07T00:00:00.000Z,0.3,2.47,0.9,0.63,1.23,0.419,446
2020-09-08T00:00:00.000Z,0.3,3.3,0.9,0.6,1.3,0.508,378
2020-09-09T00:00:00.000Z,0.3,7.73,2.54,1.05,3.3,1.28,404
2020-09-10T00:00:00.000Z,0.3,4,0.5,0.4,0.63,0.397,343
2020-09-11T00:00:00.000Z,0.3,3.7,1.2,0.8,1.7,0.685,310
2020-09-12T00:00:00.000Z,1.33,5.6,3.22,2.77,3.8,0.813,298
2020-09-13T00:00:00.000Z,0.73,5.09,2.4,1.6,3.07,0.908,359
2020-09-14T00:00:00.000Z,0.5,11.5,2.17,1,2.7,1.028,293
2020-09-15T00:00:00.000Z,2.1,21.23,4.9,4.09,5.6,1.827,250
2020-09-16T00:00:00.000Z,0.37,0.87,0.6,0.5,0.7,0.122,36
2020-09-17T00:00:00.000Z,0.4,1.43,0.73,0.6,0.9,0.21,149
2020-09-18T00:00:00.000Z,0.4,2.6,1.17,0.9,1.4,0.364,326
2020-09-19T00:00:00.000Z,0.56,5.83,1.2,1,1.65,0.958,311
2020-09-20T00:00:00.000Z,0.8,4,1.85,1.51,2.27,0.531,236
2020-09-21T00:00:00.000Z,1.4,4.07,2.4,1.99,2.92,0.621,220
2020-09-22T00:00:00.000Z,1.07,16.53,2,1.7,4.34,4.575,340
2020-09-23T00:00:00.000Z,3.73,49.8,10.72,5.69,15.34,10.831,452
2020-09-24T00:00:00.000Z,5.5,59.4,20.1,10.19,27.47,12.335,471
2020-09-25T00:00:00.000Z,1.67,14.67,4.4,3.37,5.43,2.185,350
2020-09-26T00:00:00.000Z,9.43,21.9,14.33,12.2,16.8,2.805,272
2020-09-27T00:00:00.000Z,5.77,23.33,16.5,10.5,19.2,4.969,223
2020-09-28T00:00:00.000Z,4.8,22.1,9.68,6.6,16.69,5.271,272
2020-09-29T00:00:00.000Z,1.53,11.6,4.59,3.23,8.4,2.838,259
2020-09-30T00:00:00.000Z,1.6,25.7,10.53,3.97,13.37,5.127,396
2020-10-01T00:00:00.000Z,2.6,13.4,8.02,4.23,9.6,2.85,299
2020-10-02T00:00:00.000Z,6.83,20.1,14.65,11.57,16.23,2.978,266
2020-10-03T00:00:00.000Z,7.9,25.53,17.04,11.9,20.93,4.955,254
2020-10-04T00:00:00.000Z,10.8,31.8,21.55,16.87,25.7,4.831,312
2020-10-05T00:00:00.000Z,0.5,18.5,2.97,1.3,5.87,3.91,320
2020-10-06T00:00:00.000Z,1.4,35.6,3.97,2.93,12.47,11.218,338
2020-10-07T00:00:00.000Z,1.2,7.37,3.22,2.23,4.2,1.249,326
2020-10-08T00:00:00.000Z,0.97,5.9,2.02,1.57,2.8,1.018,314
2020-10-09T00:00:00.000Z,0.5,5.43,1.69,1.09,2.29,1.082,348
2020-10-10T00:00:00.000Z,0.6,13.4,2.4,1.87,3.47,1.508,411
2020-10-11T00:00:00.000Z,0.56,6.03,1.21,1,1.57,0.509,426
2020-10-12T00:00:00.000Z,0.3,1.7,0.6,0.5,0.8,0.249,343
2020-10-13T00:00:00.000Z,0.4,3.03,0.83,0.7,1.02,0.289,417
2020-10-14T00:00:00.000Z,0.4,2.06,0.8,0.7,1,0.256,386
2020-10-15T00:00:00.000Z,0.4,1.8,0.87,0.73,1.03,0.238,388
2020-10-16T00:00:00.000Z,0.3,5.37,0.9,0.7,2,1.236,426
2020-10-17T00:00:00.000Z,0.4,2.29,0.93,0.8,1.2,0.302,416
2020-10-18T00:00:00.000Z,0.4,2,0.73,0.6,0.9,0.232,436
2020-10-19T00:00:00.000Z,0.4,1.8,0.8,0.7,1,0.238,425
2020-10-20T00:00:00.000Z,0.7,12.27,2,1.47,2.97,2.659,446
2020-10-21T00:00:00.000Z,8.3,26.7,17.1,13.03,20.07,4.181,426
2020-10-22T00:00:00.000Z,0.4,15.43,2,1.12,4.26,3.33,414
2020-10-23T00:00:00.000Z,0.37,8.52,1.37,0.77,2.9,1.338,412
2020-10-24T00:00:00.000Z,0.7,5.53,2.63,2.06,3.37,0.934,421
2020-10-25T00:00:00.000Z,0.7,14.6,5.65,3.03,7.5,2.916,462
2020-10-26T00:00:00.000Z,1.03,39.07,6.4,2.9,17.5,10.55,471
2020-10-27T00:00:00.000Z,1.03,37.72,4.13,2.4,7.03,9.872,447
2020-10-28T00:00:00.000Z,1.8,9.27,3.8,3,5.09,1.598,460
2020-10-29T00:00:00.000Z,2.93,13.9,6.43,4.9,8.3,2.202,463
2020-10-30T00:00:00.000Z,3.93,20.8,9.65,7.5,11.2,2.753,482
2020-10-31T00:00:00.000Z,1.73,18.3,6.02,4.05,7.9,3.527,480
2020-11-01T00:00:00.000Z,1.03,20.1,8.09,3.1,14.27,5.691,482
2020-11-02T00:00:00.000Z,0.4,21.8,3.67,1.7,6.87,5.325,435
2020-11-03T00:00:00.000Z,0.5,6.13,1.7,1.39,2.06,0.636,456
2020-11-04T00:00:00.000Z,1.1,6.83,2.6,2,3.17,0.882,340
2020-11-05T00:00:00.000Z,0.6,2.93,1.4,1.1,1.77,0.461,307
2020-11-06T00:00:00.000Z,0.4,8.77,1,0.8,1.53,0.763,326
2020-11-07T00:00:00.000Z,0.7,4.7,2.06,1.52,2.7,0.853,389
2020-11-08T00:00:00.000Z,0.63,9.19,1.7,1.1,2.87,1.5,345
2020-11-09T00:00:00.000Z,0.9,7.83,2.2,1.63,3.2,1.51,287
2020-11-10T00:00:00.000Z,1.9,8.73,3.9,3.35,4.5,1.277,329
2020-11-11T00:00:00.000Z,2.6,18,8,4.33,14.17,4.599,343
2020-11-12T00:00:00.000Z,14.23,40.2,20.45,16.84,27.48,5.754,288
2020-11-13T00:00:00.000Z,4.73,20.23,11.53,9.19,14.07,3.055,315
2020-11-14T00:00:00.000Z,2.77,20.7,8.82,6.43,10.77,3.953,338
2020-11-15T00:00:00.000Z,8.23,47.07,17.43,11.33,25,10.055,291
2020-11-16T00:00:00.000Z,3,42.07,18,15.27,27.15,10.828,280
2020-11-17T00:00:00.000Z,0.6,4.13,2.13,1.52,2.62,0.728,308
2020-11-18T00:00:00.000Z,0.4,3.53,1.17,0.77,2.02,0.744,370
2020-11-19T00:00:00.000Z,0.4,5.33,1.53,0.7,2.57,1.156,370
2020-11-20T00:00:00.000Z,0.4,3.87,0.93,0.7,1.37,0.535,367
2020-11-21T00:00:00.000Z,0.56,4.47,1.3,1.03,1.6,0.465,314
2020-11-22T00:00:00.000Z,0.4,4.5,2.13,1.7,2.6,0.75,312
2020-11-23T00:00:00.000Z,0.4,1.53,0.77,0.67,0.9,0.2,274
2020-11-24T00:00:00.000Z,0.43,9.43,2.29,1.17,3.13,1.485,286
2020-11-25T00:00:00.000Z,0.8,9.02,4.2,2.97,5.13,1.73,298
2020-11-26T00:00:00.000Z,0.7,13.77,4.73,1.6,9,3.825,291
2020-11-27T00:00:00.000Z,0.5,2.6,1.17,0.9,1.73,0.519,274
2020-11-28T00:00:00.000Z,0.77,5,2.1,1.53,3.1,0.986,282
2020-11-29T00:00:00.000Z,2.17,11.47,4.7,3.8,7.9,2.371,283
2020-11-30T00:00:00.000Z,1.7,13.6,5.6,4.37,8.25,2.926,257
2020-12-01T00:00:00.000Z,1.97,12.8,4.57,3.27,6.6,2.358,227
2020-12-02T00:00:00.000Z,0.8,16,8.43,6.15,9.69,3.337,229
2020-12-03T00:00:00.000Z,5.2,17.82,9.35,7.43,11.37,2.499,230
2020-12-04T00:00:00.000Z,1.1,14.4,5.85,3.73,9.23,3.317,262
2020-12-05T00:00:00.000Z,7.93,26.43,20.8,19.45,22.2,4.276,241
2020-12-06T00:00:00.000Z,10.19,30.9,22.87,17.53,26.33,4.946,278
2020-12-07T00:00:00.000Z,3.6,20.63,6.37,5.23,11.63,4.717,287
2020-12-08T00:00:00.000Z,3.5,12,7.43,6.4,8.4,1.497,279
2020-12-09T00:00:00.000Z,4.4,15.37,9.47,6.8,11.93,2.859,250
2020-12-10T00:00:00.000Z,5.09,15.97,10.5,7.5,12.5,2.72,262
2020-12-11T00:00:00.000Z,2.93,32.1,8.65,7.27,14.97,5.326,310
2020-12-12T00:00:00.000Z,5.33,20.23,12.4,9.09,15.22,3.927,317
2020-12-13T00:00:00.000Z,2.29,24.03,7.57,5.13,19.07,6.787,303
2020-12-14T00:00:00.000Z,3.33,12.13,5.53,4.83,6.49,1.737,273
2020-12-15T00:00:00.000Z,4.7,20.87,9.86,8.19,13.58,3.662,309
2020-12-16T00:00:00.000Z,0.7,11.4,1.8,1.27,3.4,2.668,309
2020-12-17T00:00:00.000Z,2.33,8.36,4.9,3.8,5.7,1.205,275
2020-12-18T00:00:00.000Z,0.3,6.3,2.4,0.8,3.7,1.522,306
2020-12-19T00:00:00.000Z,4.37,14.6,7.97,7.27,9.19,1.93,287
2020-12-20T00:00:00.000Z,2.52,30.07,13.27,9.07,17.22,6.581,305
2020-12-21T00:00:00.000Z,1.77,5.8,4.13,3.67,4.57,0.749,299
2020-12-22T00:00:00.000Z,1.27,14.1,4.95,3.63,6.94,2.482,284
2020-12-23T00:00:00.000Z,0.5,3.27,1.32,1,1.69,0.481,304
2020-12-24T00:00:00.000Z,0.5,2.7,1.1,0.9,1.4,0.409,285
2020-12-25T00:00:00.000Z,0.4,2.67,1.12,0.8,1.57,0.476,309
2020-12-26T00:00:00.000Z,1.1,24.47,2.37,1.97,3,2.762,294
2020-12-27T00:00:00.000Z,0.77,8.02,3.6,1.83,4.7,1.767,303
2020-12-28T00:00:00.000Z,1.5,10.07,6.67,5.4,7.77,1.87,294
2020-12-29T00:00:00.000Z,1.47,11.7,5.37,3.3,8.36,2.775,287
2020-12-30T00:00:00.000Z,0.6,14.1,2.62,1.6,6.9,3.422,290
2020-12-31T00:00:00.000Z,1.7,94,4.09,3.23,5.79,8.874,293
2021-01-01T00:00:00.000Z,2.13,78.06,4.07,3.3,5.53,17.057,294
2021-01-02T00:00:00.000Z,1.2,8.43,3.37,2.43,4.83,1.602,267
2021-01-03T00:00:00.000Z,0.5,2.8,1.43,1.1,1.8,0.467,260
2021-01-04T00:00:00.000Z,1,5.4,3.17,2,3.7,1.064,242
2021-01-05T00:00:00.000Z,0.8,3.5,2.02,1.7,2.4,0.561,259
2021-01-06T00:00:00.000Z,0.7,5.4,2.8,2.4,3.27,0.823,236
2021-01-07T00:00:00.000Z,1.33,6.9,3.17,2.43,3.77,0.971,265
2021-01-08T00:00:00.000Z,1.6,10.83,4.13,2.7,6.4,2.102,287
2021-01-09T00:00:00.000Z,3.2,25.43,6.23,4.7,10,3.785,286
2021-01-10T00:00:00.000Z,0.87,10.7,2.67,1.77,3.55,1.782,273
2021-01-11T00:00:00.000Z,0.7,12.1,1.97,1.4,2.97,1.548,259
2021-01-12T00:00:00.000Z,0.4,6.3,1.14,0.8,1.97,0.955,272
2021-01-13T00:00:00.000Z,0.47,10.53,4.17,1.2,6.47,2.779,263
2021-01-14T00:00:00.000Z,1.67,9.23,4.53,3.17,5.97,1.896,247
2021-01-15T00:00:00.000Z,1.5,4.87,2.6,2.25,3.1,0.669,278
2021-01-16T00:00:00.000Z,0.9,3.63,1.85,1.6,2.17,0.449,258
2021-01-17T00:00:00.000Z,0.33,5.77,2.17,1.52,3.2,1.084,240
2021-01-18T00:00:00.000Z,1.7,7.93,4.63,3.8,5.35,1.272,229
2021-01-19T00:00:00.000Z,4.7,14.9,10.53,7.3,12.03,2.723,183
2021-01-20T00:00:00.000Z,7.77,38.29,17.7,10.93,27.03,8.614,267
2021-01-21T00:00:00.000Z,1.47,19.32,3.8,2.69,7.1,3.829,237
2021-01-22T00:00:00.000Z,0.43,11.9,2.27,1.9,3.1,2.327,261
2021-01-23T00:00:00.000Z,0.6,10.33,2.63,1.63,4.9,1.983,255
2021-01-24T00:00:00.000Z,1.2,8.97,4.7,3.9,5.39,1.396,277
2021-01-25T00:00:00.000Z,0.56,2.77,1.37,1.1,1.7,0.401,240
2021-01-26T00:00:00.000Z,0.4,3,1.5,0.99,1.9,0.561,261
2021-01-27T00:00:00.000Z,0.8,4.97,2.13,1.67,2.6,0.806,231
2021-01-28T00:00:00.000Z,1.1,4.3,2.52,2.06,3,0.623,246
2021-01-29T00:00:00.000Z,2.1,6.2,3.9,3.3,4.57,0.83,163
2021-01-30T00:00:00.000Z,1.1,3.83,2.4,2.02,2.7,0.473,247
2021-01-31T00:00:00.000Z,0.7,3.77,1.9,1.48,2.54,0.664,242
2021-02-01T00:00:00.000Z,1.12,10.9,4.51,2.25,6.35,2.452,200
2021-02-02T00:00:00.000Z,0.5,6.87,3,2,4.87,1.643,234
2021-02-03T00:00:00.000Z,2.33,5.97,4.09,3.5,4.59,0.78,134
2021-02-04T00:00:00.000Z,1.6,5.88,2.58,2.17,3.16,0.863,261
2021-02-05T00:00:00.000Z,1.8,9.38,4.07,3.07,4.9,1.638,228
2021-02-06T00:00:00.000Z,1.07,3.9,2,1.69,2.29,0.48,241
2021-02-07T00:00:00.000Z,0.83,3.45,1.59,1.37,1.9,0.42,208
2021-02-08T00:00:00.000Z,0.7,3,1.32,1.1,1.63,0.424,220
2021-02-09T00:00:00.000Z,0.6,3.13,1.4,1.07,1.8,0.466,220
2021-02-10T00:00:00.000Z,0.7,3.7,1.7,1.42,2.1,0.555,207
2021-02-11T00:00:00.000Z,0.8,4.03,1.75,1.42,2.29,0.594,201
2021-02-12T00:00:00.000Z,0.82,5.09,1.63,1.33,2.19,0.716,261
2021-02-13T00:00:00.000Z,0.5,1.9,1.03,0.9,1.2,0.245,257
2021-02-14T00:00:00.000Z,0.4,2.73,1,0.8,1.33,0.46,243
2021-02-15T00:00:00.000Z,1.07,3.3,1.87,1.6,2.15,0.401,244
2021-02-16T00:00:00.000Z,0.97,4.4,1.63,1.25,2.04,0.595,120
2021-02-19T00:00:00.000Z,17.8,50.27,35.5,25.3,40.52,8.936,144
2021-02-20T00:00:00.000Z,2.29,18.8,4.62,4,7.87,3.79,246
2021-02-21T00:00:00.000Z,3.63,11.57,7.12,5.3,9.02,2.015,260
2021-02-22T00:00:00.000Z,5.33,21.77,10.1,8.61,15.2,4.147,217
2021-02-23T00:00:00.000Z,7.9,32.6,15.79,10.97,25.97,7.587,232
2021-02-24T00:00:00.000Z,2.29,22.9,9.47,6.03,18.53,6.294,223
2021-02-25T00:00:00.000Z,1.4,7.5,3.23,2.6,4.53,1.397,233
2021-02-26T00:00:00.000Z,0.4,4.83,1.65,0.8,2.62,1.067,184
2021-02-27T00:00:00.000Z,0.3,2.6,0.7,0.5,1.1,0.42,254
2021-02-28T00:00:00.000Z,0.5,5.09,1.3,1.07,2.83,1.109,258
2021-03-01T00:00:00.000Z,0.6,3.33,1.7,1.4,2.1,0.566,198
2021-03-02T00:00:00.000Z,0.5,4.97,1,0.83,1.23,0.789,141
2021-03-03T00:00:00.000Z,0.63,6,1.82,1.29,2.34,1.059,164
2021-03-04T00:00:00.000Z,0.4,3.77,1.12,0.89,1.64,0.622,201
2021-03-05T00:00:00.000Z,0.6,3.4,1.1,0.9,1.5,0.53,208
2021-03-06T00:00:00.000Z,0.4,2.2,0.8,0.7,0.97,0.302,117
2021-03-07T00:00:00.000Z,0.47,2.47,1,0.8,1.12,0.264,160
2021-03-08T00:00:00.000Z,0.6,3.83,1.21,1,1.77,0.649,186
2021-03-09T00:00:00.000Z,0.77,4.9,1.69,1.12,2.9,1.106,230
2021-03-10T00:00:00.000Z,1.83,5.63,3.13,2.8,3.63,0.611,234
2021-03-11T00:00:00.000Z,1.63,43.37,13.83,2.67,22.1,11.657,235
2021-03-12T00:00:00.000Z,0.6,30.8,3.2,1.3,18.32,9.664,243
2021-03-13T00:00:00.000Z,1.5,7,2.67,2.25,4.42,1.325,233
2021-03-14T00:00:00.000Z,0.9,12.8,2.33,1.73,3.03,1.43,239
2021-03-15T00:00:00.000Z,1.37,13.63,3.67,2.13,5.47,2.376,165
2021-03-16T00:00:00.000Z,0.7,16,2.8,1.42,9.49,4.803,201
2021-03-17T00:00:00.000Z,0.97,5.43,2.1,1.73,2.67,0.69,238
2021-03-18T00:00:00.000Z,0.5,4.63,1.4,1.05,1.87,0.626,213
2021-03-19T00:00:00.000Z,0.63,3.13,1.33,1.07,1.73,0.532,175
2021-03-20T00:00:00.000Z,0.77,3.63,1.7,1.29,2.22,0.623,228
2021-03-21T00:00:00.000Z,0.4,2.97,0.77,0.6,0.9,0.364,203
2021-03-22T00:00:00.000Z,0.4,5.8,0.92,0.77,1.1,0.711,232
2021-03-23T00:00:00.000Z,0.53,4.93,1.4,1.1,1.7,0.556,307
2021-03-24T00:00:00.000Z,1.97,9.47,4.63,4,5.55,1.301,192
2021-03-25T00:00:00.000Z,1.4,10.83,2.52,2,3.4,1.774,204
2021-03-26T00:00:00.000Z,1.57,30.2,8.27,5.85,14.17,7.433,169
2021-03-27T00:00:00.000Z,4.07,56.4,31.83,23.85,43.62,12.848,165
2021-03-28T00:00:00.000Z,0.3,37.63,2.1,1.22,3.05,8.14,117
2021-03-29T00:00:00.000Z,0.4,6.57,1.23,0.8,2.92,1.891,192
2021-03-30T00:00:00.000Z,0.8,4.2,2,1.47,2.4,0.651,214
2021-03-31T00:00:00.000Z,0.5,5.33,1.4,1.07,2.84,1.272,197
2021-04-01T00:00:00.000Z,0.3,2.33,0.8,0.6,0.95,0.271,181
2021-04-02T00:00:00.000Z,0.4,1.9,0.8,0.7,1,0.238,197
2021-04-03T00:00:00.000Z,0.5,2.57,0.93,0.77,1.17,0.361,211
2021-04-04T00:00:00.000Z,0.8,5.2,1.9,1.3,3.2,1.032,189
2021-04-05T00:00:00.000Z,0.4,3.57,0.9,0.73,1.2,0.52,143
2021-04-06T00:00:00.000Z,0.4,2.5,0.7,0.56,0.8,0.277,238
2021-04-07T00:00:00.000Z,0.4,5.03,1.27,0.9,1.93,0.936,164
2021-04-08T00:00:00.000Z,0.56,4.57,1.5,1.14,1.93,0.626,192
2021-04-09T00:00:00.000Z,0.56,3.2,1.5,1.17,2,0.582,187
2021-04-10T00:00:00.000Z,0.5,2.5,1.1,0.8,1.4,0.436,164
2021-04-11T00:00:00.000Z,0.56,5.6,1.5,1.12,2,0.67,107
2021-04-12T00:00:00.000Z,0.43,13.17,2.02,0.93,3.43,3.066,78
2021-04-13T00:00:00.000Z,0.5,2.13,1.12,0.99,1.4,0.322,124
2021-04-14T00:00:00.000Z,0.4,3.9,1.17,0.8,2.2,0.919,127
2021-04-15T00:00:00.000Z,0.67,4.97,1.63,1.23,2.1,0.792,96
2021-04-16T00:00:00.000Z,0.7,3.03,1.47,1.23,1.75,0.45,125
2021-04-17T00:00:00.000Z,0.7,3.4,1.3,1.12,1.6,0.39,144
2021-04-18T00:00:00.000Z,0.9,3,1.47,1.3,1.7,0.355,131
2021-04-19T00:00:00.000Z,1.12,3.93,1.93,1.67,2.29,0.496,131
2021-04-20T00:00:00.000Z,1,4.57,1.83,1.5,2.22,0.688,117
2021-04-21T00:00:00.000Z,0.87,4.67,2.29,1.77,2.77,0.746,118
2021-04-22T00:00:00.000Z,0.3,4.8,0.93,0.6,1.6,1.051,115
2021-04-23T00:00:00.000Z,0.4,2.29,0.75,0.6,0.9,0.27,107
2021-04-24T00:00:00.000Z,0.3,2.33,0.7,0.6,0.85,0.277,128
2021-04-25T00:00:00.000Z,0.4,1.47,0.7,0.6,0.83,0.237,163
2021-04-26T00:00:00.000Z,0.56,1.7,0.97,0.8,1.12,0.24,134
2021-04-27T00:00:00.000Z,0.63,4.07,1.23,1.05,1.6,0.574,125
2021-04-28T00:00:00.000Z,0.7,3.67,1.8,1.3,2.2,0.68,130
2021-04-29T00:00:00.000Z,0.7,5.83,1.6,1.2,3.07,1.344,119
2021-04-30T00:00:00.000Z,0.5,10.63,1.35,0.99,1.97,1.232,104
2021-05-01T00:00:00.000Z,0.53,6.77,1.4,1,1.8,0.72,137
2021-05-02T00:00:00.000Z,0.5,33.27,1.2,0.9,1.57,2.79,135
2021-05-03T00:00:00.000Z,0.9,4.7,1.8,1.33,2.5,0.802,121
2021-05-04T00:00:00.000Z,0.9,14.63,2.87,1.75,7.15,3.07,116
2021-05-05T00:00:00.000Z,0.5,18.97,1.1,0.87,2.1,1.971,127
2021-05-06T00:00:00.000Z,0.53,8,1.4,1,3.2,1.479,114
2021-05-07T00:00:00.000Z,0.5,4,1.8,1.53,2.54,0.876,121
2021-05-08T00:00:00.000Z,1.1,3.97,2.23,1.83,2.57,0.515,121
2021-05-09T00:00:00.000Z,1,20.47,2.8,2.31,8.85,5.4,137
2021-05-10T00:00:00.000Z,2.93,17.7,4.9,3.9,11.03,4.569,131
2021-05-11T00:00:00.000Z,2.7,7.53,4.8,4.23,5.7,1.087,121
2021-05-12T00:00:00.000Z,1.9,7.4,3.2,2.9,3.89,1.03,116
2021-05-13T00:00:00.000Z,3.33,16.3,7.5,5.6,11.1,3.291,143
2021-05-14T00:00:00.000Z,1.37,23.27,8.02,2.5,18.27,7.094,130
2021-05-15T00:00:00.000Z,0.93,21.47,7.43,3.3,10.89,4.769,145
2021-05-16T00:00:00.000Z,1.2,12.13,2.5,2,9.52,3.959,147
2021-05-17T00:00:00.000Z,0.56,13.1,2.9,1.82,7.82,3.477,133
2021-05-18T00:00:00.000Z,0.7,15.3,1.57,1.2,10.97,5.082,110
2021-05-19T00:00:00.000Z,0.6,2.8,1.4,1.04,1.8,0.464,144
2021-05-20T00:00:00.000Z,0.83,5.63,2.43,1.72,2.92,0.88,152
2021-05-21T00:00:00.000Z,0.7,4,1.73,1.37,2.38,0.713,144
2021-05-22T00:00:00.000Z,0.63,4.76,1.57,1.2,2.5,1.027,121
2021-05-23T00:00:00.000Z,0.83,8.57,2.23,1.77,4.2,1.668,159
2021-05-24T00:00:00.000Z,0.83,6.7,3.55,1.73,4.7,1.55,146
2021-05-25T00:00:00.000Z,1.12,6.2,3.2,2.1,4.63,1.411,165
2021-05-26T00:00:00.000Z,0.56,6.33,1.4,0.97,1.75,0.883,161
2021-05-27T00:00:00.000Z,0.4,1.57,0.7,0.6,0.9,0.227,145
2021-05-28T00:00:00.000Z,0.5,11.33,6.35,3.35,8.02,2.634,152
2021-05-29T00:00:00.000Z,1,5.83,1.8,1.53,2.2,0.667,129
2021-05-30T00:00:00.000Z,1.5,6.33,2.47,2.1,3.37,1.14,170
2021-05-31T00:00:00.000Z,0.67,5.03,1.9,1.43,2.67,0.994,135
2021-06-01T00:00:00.000Z,0.9,3.5,1.77,1.43,2.06,0.451,169
2021-06-02T00:00:00.000Z,1.7,4.59,2.57,2.2,2.99,0.63,132
2021-06-03T00:00:00.000Z,1.87,8.13,3.1,2.59,4.23,1.566,141
2021-06-04T00:00:00.000Z,1.23,6.4,2.9,2.43,4.7,1.292,150
2021-06-05T00:00:00.000Z,2,6.27,3.1,2.63,3.7,0.784,158
2021-06-06T00:00:00.000Z,1.57,7.9,3.1,2.37,4.4,1.609,183
2021-06-07T00:00:00.000Z,2.47,6.57,4.3,3.6,4.9,0.861,322
2021-06-08T00:00:00.000Z,2.4,13.1,5.9,4.8,8.17,2.172,232
2021-06-09T00:00:00.000Z,3.33,17.23,10.5,5.49,12.3,3.655,253
2021-06-10T00:00:00.000Z,1.23,8.8,2.5,2,3.13,1.795,176
2021-06-11T00:00:00.000Z,1.47,9.27,3.2,2.47,3.8,0.974,176
2021-06-12T00:00:00.000Z,0.9,6.33,2.42,1.9,3.6,1.41,158
2021-06-13T00:00:00.000Z,0.5,2.8,1.2,0.93,1.5,0.458,162
2021-06-14T00:00:00.000Z,0.9,5.09,2.43,1.5,3.53,1.113,190
2021-06-15T00:00:00.000Z,0.4,2.73,0.97,0.7,1.4,0.47,183
2021-06-16T00:00:00.000Z,0.87,7,1.77,1.47,2.29,0.781,170
2021-06-17T00:00:00.000Z,1,4.53,2.52,2,3.15,0.753,232
2021-06-18T00:00:00.000Z,1.6,12.73,6.97,3.1,8.19,2.79,242
2021-06-19T00:00:00.000Z,0.7,14,4.9,2.9,7.87,3.095,275
2021-06-20T00:00:00.000Z,4.8,16.3,9.19,7.9,12.73,3.016,304
2021-06-21T00:00:00.000Z,0.8,19.3,5.87,4.59,9.19,5.152,263
2021-06-22T00:00:00.000Z,3,15.53,5.97,5,8.28,2.689,224
2021-06-23T00:00:00.000Z,1.5,5.5,3.4,2.8,4.05,0.827,285
2021-06-24T00:00:00.000Z,2.8,15,5.37,4.62,6.5,2.544,261
2021-06-25T00:00:00.000Z,0.67,17.13,5.6,3.27,13.6,5.34,295
2021-06-26T00:00:00.000Z,0.8,11,2.57,1.92,3.77,1.653,308
2021-06-27T00:00:00.000Z,1.3,7.8,3.35,2.77,4.3,1.392,306
2021-06-28T00:00:00.000Z,2.4,9.02,4.5,3.76,5.29,1.406,288
2021-06-29T00:00:00.000Z,2,9.27,4.2,3.45,5.4,1.739,313
2021-06-30T00:00:00.000Z,1.1,10.6,5.17,3.26,6.75,2.459,281
2021-07-01T00:00:00.000Z,1.2,3.57,2.04,1.67,2.6,0.571,258
2021-07-02T00:00:00.000Z,1.2,5.83,3.03,2.45,3.67,0.897,244
2021-07-03T00:00:00.000Z,1.6,7.03,3.5,2.97,4.17,1.012,323
2021-07-04T00:00:00.000Z,0.7,6.5,3.3,2.7,4.4,1.172,317
2021-07-05T00:00:00.000Z,2.63,6.3,3.77,3.4,4.2,0.665,262
2021-07-06T00:00:00.000Z,1.77,9,4.59,3.53,6.37,1.818,294
2021-07-07T00:00:00.000Z,3,16.77,8.32,5.22,10.39,3.408,260
2021-07-08T00:00:00.000Z,0.77,9.27,1.93,1.5,3.42,2.293,285
2021-07-09T00:00:00.000Z,0.87,12.63,2.6,1.7,3.57,1.628,323
2021-07-10T00:00:00.000Z,1.1,12.07,5.09,3.93,6.8,2.18,329
2021-07-11T00:00:00.000Z,0.4,5.63,2.13,1.7,2.8,1.159,351
2021-07-12T00:00:00.000Z,1.43,7.23,2.57,2.15,4.13,1.428,257
2021-07-13T00:00:00.000Z,1.6,9.3,3.73,2.67,5.7,1.876,231
2021-07-14T00:00:00.000Z,2.67,26.47,4.57,3.69,8,5.746,257
2021-07-15T00:00:00.000Z,5.47,27.8,10.17,7.63,14.05,5.574,305
2021-07-16T00:00:00.000Z,0.9,17.23,2.65,1.7,5.09,3.909,260
2021-07-17T00:00:00.000Z,4.17,15.43,6.13,5.49,6.99,2.702,325
2021-07-18T00:00:00.000Z,1.03,16.17,3.03,1.8,7.2,3.368,271
2021-07-19T00:00:00.000Z,0.33,2.1,1,0.73,1.3,0.38,244
2021-07-20T00:00:00.000Z,0.8,4.13,1.97,1.4,3.2,0.939,255
2021-07-21T00:00:00.000Z,0.3,3.47,0.6,0.5,0.9,0.334,287
2021-07-22T00:00:00.000Z,0.9,4.53,2.29,1.62,2.83,0.745,241
2021-07-23T00:00:00.000Z,0.63,3.87,1.5,1.27,2,0.728,298
2021-07-24T00:00:00.000Z,1.17,6.47,2.9,2.29,3.47,0.761,286
2021-07-25T00:00:00.000Z,1.4,5,2.47,2.02,3.4,0.829,316
2021-07-26T00:00:00.000Z,1.5,8.23,4.03,3.03,5.73,1.715,325
2021-07-27T00:00:00.000Z,2.6,13.7,7.19,5.67,8.9,2.398,342
2021-07-28T00:00:00.000Z,2.87,15.6,10.57,8,12.4,2.839,342
2021-07-29T00:00:00.000Z,0.67,7.9,2.6,1.33,4.47,1.793,304
2021-07-30T00:00:00.000Z,0.3,25.43,1,0.77,1.3,1.87,244
2021-07-31T00:00:00.000Z,1.5,24.7,3.63,3.1,4.59,2.769,264
2021-08-01T00:00:00.000Z,1.1,15.27,2.6,2,3.73,1.664,254
2021-08-02T00:00:00.000Z,0.37,7.53,1.29,0.7,1.93,1.185,242
2021-08-03T00:00:00.000Z,0.4,2,0.7,0.6,0.9,0.288,255
2021-08-04T00:00:00.000Z,0.47,2.47,1.1,0.82,1.43,0.413,216
2021-08-05T00:00:00.000Z,0.5,4.2,1.4,1.03,1.7,0.549,254
2021-08-06T00:00:00.000Z,0.6,3.6,1.37,1.07,1.67,0.44,319
2021-08-07T00:00:00.000Z,0.7,6.83,2.02,1.73,2.52,1.025,319
2021-08-08T00:00:00.000Z,1.27,10.17,2.5,1.83,4.22,1.89,285
2021-08-09T00:00:00.000Z,0.83,8.07,2.22,1.77,5.13,1.923,230
2021-08-10T00:00:00.000Z,1.7,6.5,3.99,2.8,4.87,1.186,298
2021-08-11T00:00:00.000Z,2.17,6.4,3.77,3.05,4.4,0.9,228
2021-08-12T00:00:00.000Z,2.02,6.23,3.2,2.8,3.9,0.938,288
2021-08-13T00:00:00.000Z,2.37,9.63,5,4.13,6.33,1.576,534
2021-08-14T00:00:00.000Z,1.03,10.07,2.5,2,3.22,1.353,445
2021-08-15T00:00:00.000Z,0.4,3.9,1.4,1,2.29,0.783,465
2021-08-16T00:00:00.000Z,1.33,9.1,2.7,2.29,3.6,1.487,512
2021-08-17T00:00:00.000Z,1.3,13.07,3.4,2.57,5.4,2.231,542
2021-08-18T00:00:00.000Z,0.6,16.93,1.9,1.5,2.7,4.2,455
2021-08-19T00:00:00.000Z,0.4,10.07,0.8,0.69,1,0.66,548
2021-08-20T00:00:00.000Z,0.5,3.5,1.1,0.8,1.7,0.556,506
2021-08-21T00:00:00.000Z,0.4,2.2,0.87,0.7,1.1,0.32,545
2021-08-22T00:00:00.000Z,0.6,2.6,1.2,1,1.37,0.265,509
2021-08-23T00:00:00.000Z,0.56,3.8,1.6,1.29,2.2,0.61,548
2021-08-24T00:00:00.000Z,1,3.53,1.9,1.6,2.29,0.5,491
2021-08-25T00:00:00.000Z,0.3,4.83,0.9,0.6,2.77,1.306,526
2021-08-26T00:00:00.000Z,0.6,6.7,4.07,1.6,5,1.704,376
2021-08-27T00:00:00.000Z,2.06,8.6,4.2,3.4,5.8,1.517,413
2021-08-28T00:00:00.000Z,3.37,11.33,6.22,4.87,7.17,1.523,366
2021-08-29T00:00:00.000Z,2.9,8.4,6.13,5.53,6.7,0.902,397
2021-08-30T00:00:00.000Z,3.6,8.9,5.2,4.7,5.9,0.955,521
2021-08-31T00:00:00.000Z,1.1,10.7,2.52,2.17,4,2.462,531
2021-09-01T00:00:00.000Z,0.83,6.2,3.53,2.6,4.33,1.195,522
2021-09-02T00:00:00.000Z,0.7,10.37,2.7,1.45,5.7,2.63,520
2021-09-03T00:00:00.000Z,0.4,6.53,1.33,0.92,2.35,1.02,549
2021-09-04T00:00:00.000Z,0.4,2.2,1,0.8,1.37,0.382,547
2021-09-05T00:00:00.000Z,0.4,3.7,1.47,1.1,1.9,0.556,463
2021-09-06T00:00:00.000Z,1.03,5.3,2.1,1.8,2.4,0.518,479
2021-09-07T00:00:00.000Z,1.77,8.17,3.9,3.3,4.87,1.134,443
2021-09-08T00:00:00.000Z,1.6,8.52,3.27,2.43,6.3,1.957,578
2021-09-09T00:00:00.000Z,2.93,15.03,7.63,5.97,9.9,2.77,495
2021-09-10T00:00:00.000Z,3.13,18.53,8.52,6.59,11.87,3.71,565
2021-09-11T00:00:00.000Z,6.3,34.77,10.4,8.8,17.8,6.019,567
2021-09-12T00:00:00.000Z,0.6,36.03,6.2,3.07,11,9.409,575
2021-09-13T00:00:00.000Z,0.4,2.47,1,0.73,1.3,0.359,570
2021-09-14T00:00:00.000Z,0.6,4.33,1.33,1.1,1.63,0.573,563
2021-09-15T00:00:00.000Z,0.47,8.3,1.43,1,1.97,1.162,449
2021-09-16T00:00:00.000Z,0.8,4.37,1.83,1.43,2.27,0.601,524
2021-09-17T00:00:00.000Z,0.8,5.8,3.1,2.29,3.6,0.993,524
2021-09-18T00:00:00.000Z,0.63,4.09,1.8,1.3,2.47,0.726,567
2021-09-19T00:00:00.000Z,1.3,5.4,2.7,2.2,3.3,0.794,576
2021-09-20T00:00:00.000Z,1.4,6.53,3.3,2.8,4.09,1.002,574
2021-09-21T00:00:00.000Z,1.43,7.7,3.6,2.7,4.76,1.452,570
2021-09-22T00:00:00.000Z,0.7,6.8,3.4,2.4,4.59,1.367,570
2021-09-23T00:00:00.000Z,0.4,9.5,1.69,0.8,4.03,1.738,576
2021-09-24T00:00:00.000Z,0.33,4.63,0.8,0.6,1.3,0.809,570
2021-09-25T00:00:00.000Z,0.3,6.27,1.4,0.9,3.69,1.605,572
2021-09-26T00:00:00.000Z,0.4,3.33,1.23,0.9,1.7,0.567,552
2021-09-27T00:00:00.000Z,0.6,6.67,1.6,1.12,2.4,1.338,475
2021-09-28T00:00:00.000Z,1.37,8.97,2.76,2.17,4.29,1.732,568
2021-09-29T00:00:00.000Z,3.83,9.02,5.6,5.07,6.22,0.958,560
2021-09-30T00:00:00.000Z,1.12,13.27,6.9,4.7,8.1,2.623,559
2021-10-01T00:00:00.000Z,0.8,4.3,2.45,2.02,2.9,0.598,540
2021-10-02T00:00:00.000Z,1.5,19.97,5.77,4.09,12.92,5.103,549
2021-10-03T00:00:00.000Z,8,28.5,15.32,13.2,19.82,4.628,558
2021-10-04T00:00:00.000Z,12.13,23.4,19.2,16.12,20.6,2.836,564
2021-10-05T00:00:00.000Z,0.97,19.5,6.4,3.2,10.1,4.609,579
2021-10-06T00:00:00.000Z,0.7,23.23,3.73,2.34,8.61,4.666,573
2021-10-07T00:00:00.000Z,1.73,10.5,5.5,4.3,7,1.936,566
2021-10-08T00:00:00.000Z,1.2,19.2,4,3.03,8.3,2.944,571
2021-10-09T00:00:00.000Z,2.67,10.7,6.07,5,7.2,1.525,561
2021-10-10T00:00:00.000Z,3,17.97,5.93,5,10.27,3.82,571
2021-10-11T00:00:00.000Z,1.1,12.97,3.5,2.33,9.1,3.503,573
2021-10-12T00:00:00.000Z,0.43,2,0.87,0.7,1,0.237,576
2021-10-13T00:00:00.000Z,0.4,6.07,1.1,0.9,1.53,0.965,561
2021-10-14T00:00:00.000Z,0.5,4.53,1.5,1.1,2.29,0.735,563
2021-10-15T00:00:00.000Z,0.4,3.73,1.2,0.9,1.7,0.555,558
2021-10-16T00:00:00.000Z,0.4,2.02,1.03,0.87,1.2,0.273,573
2021-10-17T00:00:00.000Z,0.4,2.93,0.8,0.7,0.97,0.246,570
2021-10-18T00:00:00.000Z,0.4,6.4,1.09,0.8,1.87,0.797,548
2021-10-19T00:00:00.000Z,0.8,23.8,2.1,1.6,3,5.176,585
2021-10-20T00:00:00.000Z,0.7,6.5,2.06,1.5,2.6,1.014,557
2021-10-21T00:00:00.000Z,0.3,5.4,2.1,1.03,2.7,1.049,567
2021-10-22T00:00:00.000Z,0.4,2.33,0.73,0.6,0.9,0.254,570
2021-10-23T00:00:00.000Z,0.5,6.83,1.2,1,2.1,0.929,555
2021-10-24T00:00:00.000Z,0.67,4.3,2,1.43,2.6,0.741,572
2021-10-25T00:00:00.000Z,1.33,8.27,3.7,2.83,5.72,1.659,569
2021-10-26T00:00:00.000Z,0.9,14.83,4.87,2.8,9.35,3.972,565
2021-10-27T00:00:00.000Z,0.5,6.9,2.7,1.72,3.49,1.093,552
2021-10-28T00:00:00.000Z,0.9,8.3,3,1.73,4.03,1.677,546
2021-10-29T00:00:00.000Z,7.9,38.47,17.43,13.43,23.8,6.905,563
2021-10-30T00:00:00.000Z,15.63,58.7,29.9,26.29,34.54,5.521,573
2021-10-31T00:00:00.000Z,8.23,53.6,20.77,12.6,32.67,11.135,557
2021-11-01T00:00:00.000Z,10.57,36.57,20.27,16.05,27.07,6.129,541
2021-11-02T00:00:00.000Z,21.13,47.6,30.03,26.7,33.27,5.415,499
2021-11-03T00:00:00.000Z,1.7,36.97,26.07,17.03,29.63,9.506,530
2021-11-04T00:00:00.000Z,1.1,7.9,3.8,2.29,5,1.584,562
2021-11-05T00:00:00.000Z,0.5,3.4,1.4,1.12,1.73,0.533,560
2021-11-06T00:00:00.000Z,0.43,4.09,1.1,0.9,1.6,0.661,557
2021-11-07T00:00:00.000Z,0.4,3.47,0.93,0.77,1.2,0.347,557
2021-11-08T00:00:00.000Z,0.7,13.47,2.02,1.5,3,2.09,470
2021-11-09T00:00:00.000Z,0.63,24.63,1.9,1.4,2.6,3.014,544
2021-11-10T00:00:00.000Z,0.5,7.7,1.47,1,2.1,0.722,547
2021-11-11T00:00:00.000Z,0.5,4.47,2.2,1.69,2.62,0.73,517
2021-11-12T00:00:00.000Z,0.33,6.7,0.8,0.63,1.57,0.999,499
2021-11-13T00:00:00.000Z,1,8.52,2.27,1.8,3.1,0.995,548
2021-11-14T00:00:00.000Z,0.73,19.43,2.5,1.53,3.5,2.444,547
2021-11-15T00:00:00.000Z,0.83,4.33,1.7,1.43,2.23,0.576,546
2021-11-16T00:00:00.000Z,1.73,11,5.65,4,6.83,1.801,542
2021-11-17T00:00:00.000Z,1.5,7,3.5,2.8,4.63,1.121,404
2021-11-18T00:00:00.000Z,0.6,4.7,1.3,1.07,1.67,0.558,491
2021-11-19T00:00:00.000Z,0.3,6.9,1.7,1.23,2.43,1.177,469
2021-11-20T00:00:00.000Z,0.3,3.93,0.8,0.5,1.3,0.585,512
2021-11-21T00:00:00.000Z,0.4,2.6,0.83,0.7,1.03,0.301,555
2021-11-22T00:00:00.000Z,0.5,6.8,1.2,0.9,1.5,0.508,560
2021-11-23T00:00:00.000Z,0.4,5.37,1.33,1,1.73,0.545,551
2021-11-24T00:00:00.000Z,0.5,8.6,1.2,0.9,2.2,0.896,558
2021-11-25T00:00:00.000Z,0.4,3.03,1.12,0.9,1.4,0.351,555
2021-11-26T00:00:00.000Z,0.8,4.13,1.7,1.37,2.23,0.613,567
2021-11-27T00:00:00.000Z,0.6,4.3,1.6,1.2,2.2,0.736,549
2021-11-28T00:00:00.000Z,0.63,4.59,1.6,1.2,2.29,0.726,559
2021-11-29T00:00:00.000Z,1,3.93,1.8,1.6,2.13,0.432,548
2021-11-30T00:00:00.000Z,0.83,4,1.83,1.53,2.17,0.506,541
2021-12-01T00:00:00.000Z,1.07,5.7,2.49,1.97,3.03,0.851,530
2021-12-02T00:00:00.000Z,0.67,5.87,1.92,1.3,3.12,1.127,536
2021-12-03T00:00:00.000Z,1.8,5.27,3,2.65,3.73,0.721,241
2021-12-04T00:00:00.000Z,1.17,6.57,3.1,2.6,3.77,0.979,526
2021-12-05T00:00:00.000Z,0.77,2.77,1.58,1.4,1.8,0.319,526
2021-12-06T00:00:00.000Z,0.9,5.85,2.08,1.63,3.47,1.214,533
2021-12-07T00:00:00.000Z,2.42,11.13,4.09,3.58,5.37,1.513,531
2021-12-08T00:00:00.000Z,1.1,7.5,2.83,2.37,4.12,1.431,524
2021-12-09T00:00:00.000Z,1.4,7.9,2.57,2.17,3,0.8,538
2021-12-10T00:00:00.000Z,1.9,13.8,4.9,3.57,7.52,3.123,516
2021-12-11T00:00:00.000Z,0.7,23,3.51,2,12.67,6.634,544
2021-12-12T00:00:00.000Z,7.63,25.03,15.42,14.1,17.2,2.793,468
2021-12-13T00:00:00.000Z,1.3,10.93,5.87,4.76,6.7,1.652,442
2021-12-14T00:00:00.000Z,1.17,9.63,2.65,2.2,3.43,1.916,490
2021-12-15T00:00:00.000Z,0.56,4.33,2.2,1.57,2.7,0.724,523
2021-12-16T00:00:00.000Z,0.47,6.9,1.1,0.9,1.33,0.466,504
2021-12-17T00:00:00.000Z,0.5,4.63,1.7,1.27,2.13,0.641,530
2021-12-18T00:00:00.000Z,0.4,2.8,0.93,0.77,1.3,0.392,533
2021-12-19T00:00:00.000Z,0.37,1.9,0.8,0.6,0.9,0.249,534
2021-12-20T00:00:00.000Z,0.5,4.4,1.3,1.03,1.73,0.512,519
2021-12-21T00:00:00.000Z,0.67,6.3,1.97,1.4,3.3,1.121,545
2021-12-22T00:00:00.000Z,1,10.5,3.7,3,4.38,1.333,533
2021-12-23T00:00:00.000Z,0.83,4.43,1.97,1.53,2.57,0.67,518
2021-12-24T00:00:00.000Z,0.4,3.05,0.85,0.7,1.02,0.275,536
2021-12-25T00:00:00.000Z,0.38,2.58,1.1,0.85,1.43,0.376,525
2021-12-26T00:00:00.000Z,0.6,7.93,1.4,1.07,2.29,1.248,550
2021-12-27T00:00:00.000Z,1.43,10.19,3.27,2.4,5.09,1.876,565
2021-12-28T00:00:00.000Z,2.02,16.93,4.5,3.6,7.3,3.633,547
2021-12-29T00:00:00.000Z,14.6,33.53,26.22,20.9,28.9,4.484,566
2021-12-30T00:00:00.000Z,2.4,25.07,10,4.87,15.73,6.103,551
2021-12-31T00:00:00.000Z,0.6,117.6,2.5,1.8,3.43,6.817,558
2022-01-01T00:00:00.000Z,0.4,10.63,1.77,1.12,2.8,1.994,559
2022-01-02T00:00:00.000Z,0.3,17.89,3.1,1.23,5.53,2.395,551
2022-01-03T00:00:00.000Z,1.1,5.37,2.57,2.1,3.3,0.782,549
2022-01-04T00:00:00.000Z,0.77,5.8,2.02,1.63,2.47,0.659,567
2022-01-05T00:00:00.000Z,0.5,3.93,1.7,1.3,2.02,0.512,556
2022-01-06T00:00:00.000Z,0.4,3.13,1.07,0.8,1.33,0.393,569
2022-01-07T00:00:00.000Z,0.5,3.93,1.37,1.1,1.77,0.516,568
2022-01-08T00:00:00.000Z,0.4,12.33,5.05,1.39,9.3,3.923,528
2022-01-09T00:00:00.000Z,2.2,15.9,5.09,4.15,7.13,1.925,528
2022-01-10T00:00:00.000Z,3.2,9.1,5.33,4.67,6.27,1.064,529
2022-01-11T00:00:00.000Z,2.4,9.67,4.9,3.87,6.2,1.624,554
2022-01-12T00:00:00.000Z,1.67,18.23,4.38,2.99,12.22,4.925,568
2022-01-13T00:00:00.000Z,0.6,3.77,1.7,1.33,2.06,0.554,562
2022-01-14T00:00:00.000Z,0.4,2.02,0.8,0.6,1.07,0.323,541
2022-01-15T00:00:00.000Z,0.4,5.09,1.27,0.9,2.1,0.802,552
2022-01-16T00:00:00.000Z,0.5,4.7,1.5,1,2.4,0.931,552
2022-01-17T00:00:00.000Z,0.4,3.3,1,0.83,1.2,0.316,563
2022-01-18T00:00:00.000Z,0.6,5.37,1.5,1.2,1.9,0.574,555
2022-01-19T00:00:00.000Z,0.4,5.09,2.57,2.1,3.13,0.942,544
2022-01-20T00:00:00.000Z,0.3,3.57,0.92,0.77,1.1,0.309,566
2022-01-21T00:00:00.000Z,0.47,3.6,1.2,1,1.47,0.372,525
2022-01-22T00:00:00.000Z,0.8,6,1.87,1.5,2.87,0.927,556
2022-01-23T00:00:00.000Z,1.2,11.83,3.5,2.5,4.57,2.073,543
2022-01-24T00:00:00.000Z,0.6,7.6,2.37,1.7,3.4,1.311,546
2022-01-25T00:00:00.000Z,0.7,6.83,2.7,1.7,3.6,1.188,551
2022-01-26T00:00:00.000Z,0.9,7,2.49,1.5,4.12,1.405,520
2022-01-27T00:00:00.000Z,0.5,7.77,2.2,1.6,3.17,1.311,564
2022-01-28T00:00:00.000Z,0.4,3.43,1.2,0.9,1.5,0.477,564
2022-01-29T00:00:00.000Z,0.3,4,1.2,1,1.5,0.473,567
2022-01-30T00:00:00.000Z,0.3,2.93,0.6,0.5,0.9,0.345,559
2022-01-31T00:00:00.000Z,0.53,4.09,1.17,1,1.37,0.353,566
2022-02-01T00:00:00.000Z,0.7,7.67,1.7,1.3,2.1,0.66,528
2022-02-02T00:00:00.000Z,0.8,5.57,2.87,2.2,3.7,0.984,536
2022-02-03T00:00:00.000Z,0.7,6.07,3.1,2.57,3.77,0.888,518
2022-02-04T00:00:00.000Z,0.4,6.4,2.27,1.4,3.8,1.464,539
2022-02-05T00:00:00.000Z,0.8,4.97,1.9,1.5,2.6,0.786,558
2022-02-06T00:00:00.000Z,0.4,3.8,1.87,1.5,2.2,0.608,560
2022-02-07T00:00:00.000Z,0.5,2.8,1,0.8,1.3,0.382,558
2022-02-08T00:00:00.000Z,0.5,5.97,1.2,0.9,1.6,0.542,556
2022-02-09T00:00:00.000Z,0.77,5.37,1.9,1.4,2.63,0.877,539
2022-02-10T00:00:00.000Z,0.83,4.63,1.87,1.47,2.27,0.591,536
2022-02-11T00:00:00.000Z,0.56,4.53,1.2,0.97,1.6,0.545,528
2022-02-12T00:00:00.000Z,0.6,5.07,2.17,1.5,2.6,0.768,560
2022-02-13T00:00:00.000Z,1.5,9.77,2.77,2.29,3.33,0.902,567
2022-02-14T00:00:00.000Z,2.1,14.8,7.13,5.8,9.3,2.531,567
2022-02-15T00:00:00.000Z,0.8,12.2,4.97,2.93,6.19,2.127,581
2022-02-16T00:00:00.000Z,0.6,10.1,2.73,2,4.93,2.036,567
2022-02-17T00:00:00.000Z,0.4,10.27,0.9,0.8,1.2,0.646,570
2022-02-18T00:00:00.000Z,0.37,4.5,1.3,0.9,2.29,0.936,565
2022-02-19T00:00:00.000Z,0.4,3.53,1.4,1.1,1.8,0.523,573
2022-02-20T00:00:00.000Z,0.7,4.09,1.83,1.47,2.29,0.581,565
2022-02-21T00:00:00.000Z,0.33,3.73,1,0.8,1.43,0.596,568
2022-02-22T00:00:00.000Z,0.5,4.7,2.02,1.67,2.57,0.805,580
2022-02-23T00:00:00.000Z,0.83,5.2,2.22,1.83,2.7,0.673,550
2022-02-24T00:00:00.000Z,0.83,5.33,1.9,1.6,2.29,0.577,530
2022-02-25T00:00:00.000Z,0.5,6.47,1.8,1.37,2.4,0.917,558
2022-02-26T00:00:00.000Z,0.6,4.33,1.4,1.17,1.87,0.615,576
2022-02-27T00:00:00.000Z,0.7,5.73,1.57,1.29,1.9,0.499,569
2022-02-28T00:00:00.000Z,0.6,3.67,1.5,1.2,1.93,0.565,569
2022-03-01T00:00:00.000Z,1.03,13.73,3.8,2.4,5.23,2.924,580
2022-03-02T00:00:00.000Z,0.9,10,3.67,2.29,8.19,3.036,560
2022-03-03T00:00:00.000Z,0.53,3.43,1.1,0.9,1.33,0.341,566
2022-03-04T00:00:00.000Z,0.53,9.33,1.7,1.12,2.7,1.341,563
2022-03-05T00:00:00.000Z,0.6,4.7,1.4,1.1,1.97,0.809,566
2022-03-06T00:00:00.000Z,0.43,4.5,1.1,0.87,1.53,0.895,562
2022-03-07T00:00:00.000Z,0.5,3.97,1.23,1,1.5,0.42,574
2022-03-08T00:00:00.000Z,0.73,5.53,1.8,1.4,2.37,0.687,554
2022-03-09T00:00:00.000Z,1.2,7.6,3.3,2.7,3.87,0.948,563
2022-03-10T00:00:00.000Z,0.6,5.33,2.4,1.5,3.5,1.134,569
2022-03-11T00:00:00.000Z,1.97,8.9,4.83,3.5,6.37,1.636,563
2022-03-12T00:00:00.000Z,1.4,16.43,4.59,2.93,6.4,2.108,558
2022-03-13T00:00:00.000Z,0.6,15.4,8.69,2.73,10.6,4.207,547
2022-03-14T00:00:00.000Z,5.9,26,14.99,11.3,18.8,4.647,570
2022-03-15T00:00:00.000Z,11.27,35.9,22.52,17.17,25.57,5.372,570
2022-03-16T00:00:00.000Z,13.8,31,20,16.7,22.9,3.552,562
2022-03-17T00:00:00.000Z,5.09,22.3,10.77,7.83,15,3.922,559
2022-03-18T00:00:00.000Z,0.9,24.63,2.49,1.67,12.29,7.425,548
2022-03-19T00:00:00.000Z,0.5,6.93,1.67,1.3,2.2,0.781,567
2022-03-20T00:00:00.000Z,0.97,6.67,2.1,1.6,2.73,1.002,556
2022-03-21T00:00:00.000Z,6.5,20,12.23,9.55,14.34,3.323,541
2022-03-22T00:00:00.000Z,10.33,24.87,14.07,12.87,17.3,3.449,579
2022-03-23T00:00:00.000Z,3.13,20.47,5.13,4.3,8.86,4.613,555
2022-03-24T00:00:00.000Z,3.63,7.8,4.93,4.5,5.4,0.708,551
2022-03-25T00:00:00.000Z,0.53,11.37,6.27,2.17,8.3,3.054,566
2022-03-26T00:00:00.000Z,0.6,5,1.23,1,1.6,0.573,572
2022-03-27T00:00:00.000Z,0.37,3.6,1.3,1,1.7,0.497,561
2022-03-28T00:00:00.000Z,0.5,5.73,1.2,0.9,2.29,1.197,570
2022-03-29T00:00:00.000Z,0.53,2.57,1.12,0.9,1.37,0.34,562
2022-03-30T00:00:00.000Z,0.5,4.47,1.12,0.9,1.7,0.678,571
2022-03-31T00:00:00.000Z,0.6,10.33,1.97,1.53,2.5,0.846,577
2022-04-01T00:00:00.000Z,0.6,5.4,1.97,1.4,2.5,0.779,548
2022-04-02T00:00:00.000Z,0.53,4,1.6,1.09,2.35,0.742,509
2022-04-03T00:00:00.000Z,0.4,3.33,0.8,0.63,1,0.363,564
2022-04-04T00:00:00.000Z,0.3,3.7,1,0.6,1.8,0.699,568
2022-04-05T00:00:00.000Z,0.3,1.7,0.7,0.6,0.8,0.194,563
2022-04-06T00:00:00.000Z,0.4,3.97,0.93,0.7,1.35,0.483,572
2022-04-07T00:00:00.000Z,0.5,9.93,1.2,0.9,1.7,1.305,562
2022-04-08T00:00:00.000Z,0.4,6.13,1,0.8,1.33,1.116,574
2022-04-09T00:00:00.000Z,0.5,3.23,1.03,0.9,1.2,0.318,554
2022-04-10T00:00:00.000Z,0.37,2.06,0.7,0.6,0.9,0.212,576
2022-04-11T00:00:00.000Z,0.4,7.5,1.12,0.87,1.87,1.077,574
2022-04-12T00:00:00.000Z,0.5,7.9,1.5,1.2,1.97,0.767,570
2022-04-13T00:00:00.000Z,0.9,8.3,2.2,1.7,2.7,0.941,568
2022-04-14T00:00:00.000Z,1.07,9.69,4.97,3.23,6.7,1.985,563
2022-04-15T00:00:00.000Z,0.37,3.93,0.83,0.67,1.3,0.662,571
2022-04-16T00:00:00.000Z,0.3,3.47,0.93,0.73,1.2,0.399,579
2022-04-17T00:00:00.000Z,0.5,9.02,1.32,1,1.6,0.796,570
2022-04-18T00:00:00.000Z,0.6,5.7,1.63,1.3,2.23,0.727,574
2022-04-19T00:00:00.000Z,0.83,10.19,1.63,1.32,2.06,0.783,564
2022-04-20T00:00:00.000Z,0.8,6.8,2.23,1.8,2.7,0.7,570
2022-04-21T00:00:00.000Z,0.87,4.03,1.57,1.33,1.87,0.439,569
2022-04-22T00:00:00.000Z,0.56,7.1,1.5,1.2,1.8,0.537,573
2022-04-23T00:00:00.000Z,0.6,3.23,1.3,1.03,1.57,0.405,571
2022-04-24T00:00:00.000Z,0.56,4.2,1.73,1.2,2.47,0.809,573
2022-04-25T00:00:00.000Z,0.77,5.73,2,1.6,2.6,0.826,541
2022-04-26T00:00:00.000Z,0.4,3.1,0.83,0.7,1.07,0.382,547
2022-04-27T00:00:00.000Z,0.5,8.3,1.12,0.93,1.4,0.48,556
2022-04-28T00:00:00.000Z,0.4,26.63,1.33,0.93,1.9,1.608,556
2022-04-29T00:00:00.000Z,0.4,3.8,1.1,0.8,1.4,0.516,572
2022-04-30T00:00:00.000Z,0.5,7.17,1.37,1.03,2.7,1.508,572
2022-05-01T00:00:00.000Z,0.3,6.23,1.1,0.77,1.63,1.246,507
2022-05-02T00:00:00.000Z,0.3,3.27,1.2,0.9,1.53,0.503,447
2022-05-03T00:00:00.000Z,0.4,7,1.1,0.87,1.5,0.531,540
2022-05-04T00:00:00.000Z,0.4,4.33,1.43,1.1,1.8,0.631,576
2022-05-05T00:00:00.000Z,1.03,6.23,2.5,2.2,2.9,0.707,568
2022-05-06T00:00:00.000Z,1.1,5.8,2.6,2.1,3.03,0.79,572
2022-05-07T00:00:00.000Z,0.7,8.8,1.8,1.2,4.3,2.082,572
2022-05-08T00:00:00.000Z,0.43,4.4,1,0.8,1.2,0.361,564
2022-05-09T00:00:00.000Z,0.7,3.63,1.53,1.27,1.87,0.451,522
2022-05-10T00:00:00.000Z,0.8,10.8,2.8,1.7,4.76,1.826,518
2022-05-11T00:00:00.000Z,1.27,6.13,2.6,2.1,3.2,0.895,514
2022-05-12T00:00:00.000Z,0.4,5.03,1.5,0.93,2.52,1.119,526
2022-05-13T00:00:00.000Z,0.5,4.17,1.6,1.1,2.1,0.626,522
2022-05-14T00:00:00.000Z,0.4,3.43,1.43,1.07,1.73,0.471,551
2022-05-15T00:00:00.000Z,0.2,3.67,0.73,0.6,1.03,0.427,525
2022-05-16T00:00:00.000Z,0.4,4.2,0.9,0.73,1.1,0.344,531
2022-05-17T00:00:00.000Z,0.5,3.03,1,0.8,1.2,0.319,529
2022-05-18T00:00:00.000Z,0.56,2.93,1.2,1,1.4,0.342,517
2022-05-19T00:00:00.000Z,0.6,6.97,2.2,1.6,2.9,0.902,525
2022-05-20T00:00:00.000Z,1.33,7.8,3,2.23,4.2,1.314,525
2022-05-21T00:00:00.000Z,1.12,4.13,2,1.73,2.23,0.392,527
2022-05-22T00:00:00.000Z,1.2,4.37,2.13,1.8,2.63,0.579,515
2022-05-23T00:00:00.000Z,1.3,4.7,2.5,2.06,3,0.653,523
2022-05-24T00:00:00.000Z,1.6,7.53,3.2,2.73,3.9,0.854,533
2022-05-25T00:00:00.000Z,0.53,12.57,2.23,1.55,5.09,2.214,509
2022-05-26T00:00:00.000Z,0.53,4.09,1.12,0.97,1.4,0.379,508
2022-05-27T00:00:00.000Z,0.33,3.47,0.9,0.7,1.4,0.645,495
2022-05-28T00:00:00.000Z,0.6,4.97,2,1.3,2.5,0.937,529
2022-05-29T00:00:00.000Z,0.56,2.9,1.2,0.93,1.62,0.521,441
2022-05-30T00:00:00.000Z,0.56,6.07,1.43,1.1,1.8,0.604,476
2022-05-31T00:00:00.000Z,1.57,10.1,3.87,3,5.2,1.557,469
2022-06-01T00:00:00.000Z,0.9,4.73,2.37,1.8,2.93,0.738,479
2022-06-02T00:00:00.000Z,1.43,6.23,3.4,2.93,4.17,0.979,194
2022-06-03T00:00:00.000Z,1.3,7.37,3.65,2.72,4.7,1.254,304
2022-06-04T00:00:00.000Z,0.7,4.76,2.2,1.4,2.6,0.742,438
2022-06-05T00:00:00.000Z,0.4,3.03,1.5,0.87,1.8,0.558,435
2022-06-06T00:00:00.000Z,0.6,3,1.1,0.9,1.4,0.383,333
2022-06-07T00:00:00.000Z,0.8,10.19,2.57,1.6,3.63,1.181,531
2022-06-08T00:00:00.000Z,0.6,22.2,1.7,1.17,10.18,6.383,493
2022-06-09T00:00:00.000Z,1.27,7.1,2.1,1.83,2.43,0.661,498
2022-06-10T00:00:00.000Z,2,10.23,3.5,2.9,4.3,1.241,491
2022-06-11T00:00:00.000Z,1.2,5.93,2.43,2,2.9,0.64,466
2022-06-12T00:00:00.000Z,0.9,4.09,2.13,1.7,2.8,0.694,499
2022-06-13T00:00:00.000Z,0.6,5.83,1.7,1.2,2.29,0.68,475
2022-06-14T00:00:00.000Z,0.5,2.87,1.12,0.9,1.49,0.445,365
2022-06-15T00:00:00.000Z,0.4,3.47,1.2,0.83,1.7,0.561,489
2022-06-16T00:00:00.000Z,0.2,4.3,1.43,1.1,2.06,0.697,494
2022-06-17T00:00:00.000Z,0.4,12.27,1.57,1,2,1.043,439
2022-06-18T00:00:00.000Z,0.77,10.63,2.6,1.7,5.62,2.688,504
2022-06-19T00:00:00.000Z,0.4,2.83,0.9,0.7,1.07,0.331,461
2022-06-20T00:00:00.000Z,0.5,7.1,1.7,1.2,2.1,0.736,375
2022-06-21T00:00:00.000Z,1,5,2.27,1.9,2.73,0.769,368
2022-06-22T00:00:00.000Z,0.9,7.8,2.7,2.17,4.2,1.334,348
2022-06-23T00:00:00.000Z,1.1,6.3,2.27,1.9,2.9,0.926,307
2022-06-24T00:00:00.000Z,0.7,7.8,2.29,1.67,3,1.551,571
2022-06-25T00:00:00.000Z,2,12.43,3.23,2.77,4.3,2.047,573
2022-06-26T00:00:00.000Z,2.4,8.5,4.07,3.47,5.17,1.183,575
2022-06-27T00:00:00.000Z,2.8,11.8,4.3,3.8,7.2,1.821,544
2022-06-28T00:00:00.000Z,1,9.73,5.23,2.35,6.7,2.319,553
2022-06-29T00:00:00.000Z,1,20.39,4.47,3.3,7.89,3.942,545
2022-06-30T00:00:00.000Z,5,40.33,17.12,12.4,22.03,8.164,558
2022-07-01T00:00:00.000Z,4.9,21.8,9.69,8.07,14.47,3.937,559
2022-07-02T00:00:00.000Z,0.4,25.9,1.6,1.1,8.99,7.495,560
2022-07-03T00:00:00.000Z,0.5,5.7,1.37,1.1,1.8,0.682,533
2022-07-04T00:00:00.000Z,0.6,5.33,1.7,1.43,2.1,0.576,562
2022-07-05T00:00:00.000Z,0.4,2.06,1,0.85,1.2,0.268,529
2022-07-06T00:00:00.000Z,0.33,3.1,1.2,0.9,1.53,0.468,565
2022-07-07T00:00:00.000Z,0.47,4.13,1.2,1,1.47,0.415,370
2022-07-08T00:00:00.000Z,0.5,5.57,1.2,1,1.5,0.511,544
2022-07-09T00:00:00.000Z,0.3,4.43,0.8,0.53,1.1,0.4,552
2022-07-10T00:00:00.000Z,0.2,3.5,0.5,0.4,0.8,0.346,556
2022-07-11T00:00:00.000Z,0.3,2.52,0.9,0.7,1.27,0.405,546
2022-07-12T00:00:00.000Z,0.3,2.6,0.9,0.7,1.19,0.356,565
2022-07-13T00:00:00.000Z,0.56,11.1,1.7,1.3,2.2,0.795,522
2022-07-14T00:00:00.000Z,0.3,1.93,0.7,0.6,0.9,0.259,535
2022-07-15T00:00:00.000Z,0.3,2.6,0.6,0.5,0.73,0.262,512
2022-07-16T00:00:00.000Z,0.3,1.4,0.5,0.4,0.6,0.16,569
2022-07-17T00:00:00.000Z,0.2,1.7,0.4,0.4,0.5,0.171,576
2022-07-18T00:00:00.000Z,0.4,52.3,2.5,1.5,3.7,2.576,563
2022-07-19T00:00:00.000Z,0.6,8.27,1.8,1.23,5.43,2.14,576
2022-07-20T00:00:00.000Z,1.3,6,4,3.29,4.62,1.133,581
2022-07-21T00:00:00.000Z,2.73,27.83,5.87,5.01,6.9,1.72,573
2022-07-22T00:00:00.000Z,5.13,13.3,8.52,7.73,9.4,1.213,572
2022-07-23T00:00:00.000Z,0.4,14.4,1.23,0.9,1.8,3.111,572
2022-07-24T00:00:00.000Z,0.4,4,1,0.8,1.73,0.669,567
2022-07-25T00:00:00.000Z,2,7.5,3.67,3.17,4.09,0.971,574
2022-07-26T00:00:00.000Z,0.5,11.47,2.17,1.1,6.73,3.222,567
2022-07-27T00:00:00.000Z,0.3,3.43,1.03,0.6,1.6,0.69,579
2022-07-28T00:00:00.000Z,0.3,2.52,0.8,0.6,1,0.289,555
2022-07-29T00:00:00.000Z,0.3,4,0.9,0.63,1.12,0.429,559
2022-07-30T00:00:00.000Z,0.5,2.77,1.12,0.97,1.33,0.301,561
2022-07-31T00:00:00.000Z,0.4,2.6,0.93,0.8,1.1,0.279,579
2022-08-01T00:00:00.000Z,0.7,3,1.23,1.07,1.4,0.333,510
2022-08-02T00:00:00.000Z,0.3,3.53,1.4,1,1.8,0.585,543
2022-08-03T00:00:00.000Z,0.7,5.27,1.5,1.17,2.63,0.913,553
2022-08-04T00:00:00.000Z,0.9,11.17,2.75,1.8,4.53,2.571,466
2022-08-05T00:00:00.000Z,0.77,18.87,5.22,3.87,12.5,4.917,562
2022-08-06T00:00:00.000Z,0.3,2.43,0.87,0.6,1.3,0.46,547
2022-08-07T00:00:00.000Z,0.4,4.7,1.3,1,1.9,0.68,443
2022-08-08T00:00:00.000Z,0.6,9.52,2.62,1.6,4.13,2.329,518
2022-08-09T00:00:00.000Z,0.63,4.47,1.77,1.47,2.4,0.755,566
2022-08-10T00:00:00.000Z,0.9,7.5,1.97,1.59,2.37,0.776,473
2022-08-11T00:00:00.000Z,0.7,3.27,1.6,1.3,1.93,0.469,455
2022-08-12T00:00:00.000Z,1.27,6.2,2.29,2,2.9,0.926,563
2022-08-13T00:00:00.000Z,1,14.13,2.23,1.83,3.69,2.957,577
2022-08-14T00:00:00.000Z,0.73,4.26,1.7,1.3,2.5,0.761,283
2022-08-17T00:00:00.000Z,4.9,29.5,8,6.7,17.13,6.769,227
2022-08-18T00:00:00.000Z,4.87,35.03,13.7,10.93,19.3,7.433,467
2022-08-19T00:00:00.000Z,4.59,31.67,12.93,7,20.09,7.969,573
2022-08-20T00:00:00.000Z,0.9,23,10,7.07,12.6,5.052,539
2022-08-21T00:00:00.000Z,0.7,3.4,1.8,1.5,2.1,0.477,516
2022-08-22T00:00:00.000Z,0.5,3.33,1.77,1.35,2.13,0.552,329
2022-08-23T00:00:00.000Z,0.6,4.57,2,1.47,2.4,0.678,531
2022-08-24T00:00:00.000Z,0.5,9.17,1.2,0.93,1.5,0.597,474
2022-08-25T00:00:00.000Z,0.6,4.03,1.67,1.2,2.29,0.738,501
2022-08-26T00:00:00.000Z,1.27,18.3,2.9,2.1,4.42,3.039,545
2022-08-27T00:00:00.000Z,2.2,21.27,11.1,7.77,12.37,3.51,535
2022-08-28T00:00:00.000Z,0.56,3.57,1.63,1.2,2.1,0.58,540
2022-08-29T00:00:00.000Z,0.4,2.73,0.9,0.77,1.2,0.34,524
2022-08-30T00:00:00.000Z,0.4,2.2,0.8,0.7,0.97,0.239,535
2022-08-31T00:00:00.000Z,0.4,2.23,0.9,0.7,1.07,0.303,523
2022-09-01T00:00:00.000Z,0.37,2.1,0.8,0.65,1,0.269,309
2022-09-14T00:00:00.000Z,0.43,1.97,0.97,0.8,1.1,0.256,355
2022-09-15T00:00:00.000Z,0.47,2.43,0.9,0.7,1.1,0.295,506
2022-09-16T00:00:00.000Z,0.5,4.4,1.1,0.9,1.43,0.659,491
2022-09-17T00:00:00.000Z,0.5,3.1,1.1,0.8,1.4,0.392,476
2022-09-18T00:00:00.000Z,0.53,2.93,1.2,0.9,1.5,0.424,493
2022-09-19T00:00:00.000Z,0.5,2.1,1,0.87,1.12,0.221,496
2022-09-20T00:00:00.000Z,0.53,2.29,1.12,1,1.33,0.284,409
2022-09-21T00:00:00.000Z,0.5,4.33,1.2,0.9,2.2,0.747,461
2022-09-22T00:00:00.000Z,0.67,4.9,1.5,1.12,2.02,0.601,505
2022-09-23T00:00:00.000Z,0.73,11.1,2.43,1.8,4.34,1.804,493
2022-09-24T00:00:00.000Z,1.2,7.57,2.93,2.2,3.5,0.925,518
2022-09-25T00:00:00.000Z,0.77,8.52,2.82,2.06,4.67,1.873,506
2022-09-26T00:00:00.000Z,1.67,10.83,3.87,3.13,4.65,1.124,481
2022-09-27T00:00:00.000Z,1.12,16.27,8.67,2.33,10.7,4.399,503
2022-09-28T00:00:00.000Z,0.9,13.4,2.29,1.7,3.1,2.074,481
2022-09-29T00:00:00.000Z,0.7,4.2,1.83,1.53,2.33,0.611,488
2022-09-30T00:00:00.000Z,0.8,5.93,2.1,1.7,2.8,0.947,481
2022-10-01T00:00:00.000Z,1.63,20.6,4.3,3.13,8.94,4.54,448
2022-10-02T00:00:00.000Z,3.27,22.47,16.32,9.57,18.2,5.376,271
2022-10-03T00:00:00.000Z,1.6,18.87,6.97,5.43,13.39,5.071,252
2022-10-04T00:00:00.000Z,0.63,4.09,1.7,1.33,2.29,0.665,324
2022-10-05T00:00:00.000Z,1.3,5.93,2.69,2.09,3.43,0.88,304
2022-10-06T00:00:00.000Z,0.6,5.3,2,1.43,3,1.108,523
2022-10-07T00:00:00.000Z,1.3,6.07,3.17,2.47,4.09,0.995,513
2022-10-08T00:00:00.000Z,0.9,3.33,1.8,1.5,2.1,0.467,517
2022-10-09T00:00:00.000Z,0.4,2.13,1,0.8,1.27,0.336,546
2022-10-10T00:00:00.000Z,0.7,6.23,2.2,1.77,3.51,1.297,525
2022-10-11T00:00:00.000Z,0.43,6.7,1.17,0.8,2.22,1.5,509
2022-10-12T00:00:00.000Z,0.4,4.87,1.23,0.93,1.9,0.78,529
2022-10-13T00:00:00.000Z,1.4,11.8,3.37,2.63,4.8,1.969,531
2022-10-14T00:00:00.000Z,5.07,18.1,11.4,9.27,13.72,2.995,509
2022-10-15T00:00:00.000Z,4.8,45.57,22.6,16.62,32.4,10.714,521
2022-10-16T00:00:00.000Z,0.7,15.77,2.6,1.8,9,4.449,412
2022-10-17T00:00:00.000Z,0.73,6,2.2,1.82,2.82,0.837,524
2022-10-18T00:00:00.000Z,0.5,3.57,1.17,0.93,1.53,0.548,351
2022-10-21T00:00:00.000Z,0.83,6.4,2.4,1.87,2.9,0.961,511
2022-10-22T00:00:00.000Z,2,26.2,5.73,3.37,13.77,7.098,537
2022-10-23T00:00:00.000Z,0.93,8.07,3.89,2.6,5.62,1.804,532
2022-10-24T00:00:00.000Z,0.7,4.23,2.17,1.4,2.8,0.814,512
2022-10-25T00:00:00.000Z,0.63,20.39,4.17,2.29,12.93,5.828,515
2022-10-26T00:00:00.000Z,0.4,3.8,1.21,0.89,1.99,0.667,512
2022-10-27T00:00:00.000Z,1.9,8.83,4.17,3.2,5.13,1.367,515
2022-10-28T00:00:00.000Z,0.8,12.73,5.6,4.67,7.09,2.338,496
2022-10-29T00:00:00.000Z,0.6,10.5,1.6,1.17,2.37,2.459,499
2022-10-30T00:00:00.000Z,0.6,6.6,1.1,0.9,3.17,1.332,504
2022-10-31T00:00:00.000Z,2.4,21.53,5.65,4.33,7.33,2.256,510
2022-11-01T00:00:00.000Z,1.8,8.5,3.63,2.8,5.17,1.695,491
2022-11-02T00:00:00.000Z,4.2,15.53,7.53,6.67,8.3,1.671,493
2022-11-03T00:00:00.000Z,1.97,8.69,4.8,3.57,6,1.459,540
2022-11-04T00:00:00.000Z,1.6,8,3.23,2.7,4.25,1.324,496
2022-11-05T00:00:00.000Z,1.2,7.3,3.3,2.73,4.3,1.193,508
2022-11-06T00:00:00.000Z,1.1,5.57,2.43,1.8,3.01,0.767,508
2022-11-07T00:00:00.000Z,0.7,8.8,4.69,2.35,5.4,1.702,532
2022-11-08T00:00:00.000Z,0.4,7.4,1.57,0.9,5.17,2.158,513
2022-11-09T00:00:00.000Z,2.57,8.5,4.76,4.09,5.83,1.167,524
2022-11-10T00:00:00.000Z,1.47,11.43,3.55,2.83,4.47,1.208,534
2022-11-11T00:00:00.000Z,0.7,4.9,2.06,1.5,2.7,0.768,511
2022-11-12T00:00:00.000Z,1.6,5.43,2.93,2.47,3.57,0.739,521
2022-11-13T00:00:00.000Z,1.3,8.17,3.1,2.29,4.23,1.427,541
2022-11-14T00:00:00.000Z,0.77,10.19,3.89,2.73,6.05,2.08,512
2022-11-15T00:00:00.000Z,0.4,2.97,1.3,1.03,1.6,0.404,525
2022-11-16T00:00:00.000Z,0.5,3.27,1.23,0.93,1.6,0.523,510
2022-11-17T00:00:00.000Z,0.6,3.8,1.5,1.12,2,0.605,412
2022-11-18T00:00:00.000Z,0.6,3.23,1.3,1.1,1.6,0.397,525
2022-11-19T00:00:00.000Z,0.6,5.7,1.7,1.1,2.37,0.922,495
2022-11-20T00:00:00.000Z,0.8,7.3,1.8,1.43,2.4,0.959,538
2022-11-21T00:00:00.000Z,1.2,15,6,4.22,7.3,2.251,529
2022-11-22T00:00:00.000Z,2,12.2,6.23,4.92,8,2.145,524
2022-11-23T00:00:00.000Z,1.1,4.63,2.4,1.87,2.83,0.698,511
2022-11-24T00:00:00.000Z,1.3,6.73,2.63,2.1,3.53,0.983,517
2022-11-25T00:00:00.000Z,1.1,9.77,2.7,1.83,5.14,2.077,513
2022-11-26T00:00:00.000Z,1.87,10.19,5.43,4.2,6.2,1.475,519
2022-11-27T00:00:00.000Z,2.23,17.63,6.1,4.72,6.95,1.648,513
2022-11-28T00:00:00.000Z,1.87,25.23,6.2,3.87,8.3,3.354,491
2022-11-29T00:00:00.000Z,2.29,9.47,5.13,4.3,5.97,1.342,424
2022-11-30T00:00:00.000Z,3.1,13.97,5.89,4.9,6.67,1.388,522
2022-12-01T00:00:00.000Z,2.33,9.36,4.63,3.9,5.8,1.294,467
2022-12-02T00:00:00.000Z,2.6,17.1,9.73,7.17,11.53,3.116,567
2022-12-03T00:00:00.000Z,1.73,8.69,3.63,3,4.76,1.637,553
2022-12-04T00:00:00.000Z,2.06,7.37,4.37,3.5,5.2,1.142,521
2022-12-05T00:00:00.000Z,1.37,7.8,4,3.57,4.47,0.777,490
2022-12-06T00:00:00.000Z,1.4,6.3,2.73,2.37,3.4,0.796,523
2022-12-07T00:00:00.000Z,0.9,5.03,2.15,1.8,2.5,0.534,526
2022-12-08T00:00:00.000Z,0.73,8.43,1.97,1.43,4.8,2.041,525
2022-12-09T00:00:00.000Z,1.87,8.63,4.03,3.2,5.8,1.651,511
2022-12-10T00:00:00.000Z,2,8.13,3.27,2.87,3.87,1.111,517
2022-12-11T00:00:00.000Z,2.1,5.33,3.73,3.3,4.17,0.618,545
2022-12-12T00:00:00.000Z,1,6.2,2.69,1.87,3.6,1.1,500
2022-12-13T00:00:00.000Z,0.93,3.3,1.73,1.48,2.02,0.413,508
2022-12-14T00:00:00.000Z,1.52,5.43,2.8,2.4,3.32,0.662,496
2022-12-15T00:00:00.000Z,1.38,8.3,3.1,2.5,3.72,0.97,508
2022-12-16T00:00:00.000Z,3.08,10.95,4.93,4.18,6.35,1.769,475
2022-12-17T00:00:00.000Z,0.73,18.25,3.78,2.27,7.28,3.141,503
2022-12-18T00:00:00.000Z,0.8,11.27,6.87,2.54,8.1,2.881,512
2022-12-19T00:00:00.000Z,1.3,17.1,9.93,5.37,11.6,4.091,516
2022-12-20T00:00:00.000Z,1,16.37,6.2,4.76,9.8,4.013,521
2022-12-21T00:00:00.000Z,0.53,9.3,3.67,2.29,4.5,1.518,493
2022-12-22T00:00:00.000Z,1.2,8.23,3.1,2.29,5.5,1.756,512
2022-12-23T00:00:00.000Z,0.3,7.4,1.57,0.8,2.37,1.767,370
2022-12-24T00:00:00.000Z,0.7,6.3,2,1.4,3.62,1.339,453
2022-12-25T00:00:00.000Z,1.5,14.23,4,2.77,4.98,1.659,480
2022-12-26T00:00:00.000Z,0.8,24.63,5.87,4.07,9.47,4.925,378
2022-12-27T00:00:00.000Z,0.5,4.26,1.43,1,2,0.705,439
2022-12-28T00:00:00.000Z,0.6,8,1.63,1.1,3,1.383,474
2022-12-29T00:00:00.000Z,1.17,11.2,3.37,2.43,4.67,1.805,507
2022-12-30T00:00:00.000Z,0.8,7.33,1.9,1.47,2.6,0.921,435
2022-12-31T00:00:00.000Z,1.2,130.53,3.4,2.63,4.17,8.984,454
2023-01-01T00:00:00.000Z,1.27,27.87,2.8,2.23,3.47,1.572,481
2023-01-02T00:00:00.000Z,0.5,26.67,3.51,1.53,6.8,3.325,516
2023-01-03T00:00:00.000Z,0.5,5.13,1.21,1,1.53,0.751,424
2023-01-04T00:00:00.000Z,0.5,5.77,1.5,1.12,2.06,0.956,465
2023-01-05T00:00:00.000Z,0.7,4.5,2.67,1.8,3.17,0.83,499
2023-01-06T00:00:00.000Z,1,6.47,2.23,1.9,3.27,1.037,500
2023-01-07T00:00:00.000Z,3.07,20.53,6.07,4.59,13.57,4.855,490
2023-01-08T00:00:00.000Z,1.3,29.6,7.14,3.97,17.3,8.02,542
2023-01-09T00:00:00.000Z,3.43,35.57,11.77,8.1,14.97,4.522,501
2023-01-10T00:00:00.000Z,1.1,15.1,2.83,2,4.83,1.771,519
2023-01-11T00:00:00.000Z,0.87,6.67,2.33,1.87,3.1,0.958,482
2023-01-12T00:00:00.000Z,1.47,6.97,2.97,2.47,3.5,0.882,521
2023-01-13T00:00:00.000Z,0.97,28.97,3.29,2.2,4.7,2.133,472
2023-01-14T00:00:00.000Z,0.5,6.37,2.2,1.6,2.7,1.022,529
2023-01-15T00:00:00.000Z,0.5,5.53,1.93,1.3,2.6,0.974,439
2023-01-16T00:00:00.000Z,0.43,8.63,1.49,0.8,2.77,1.205,492
2023-01-17T00:00:00.000Z,1,20.1,3.7,2.87,6.33,4.576,499
2023-01-18T00:00:00.000Z,0.5,10.8,1.8,1.2,2.4,1.539,430
2023-01-19T00:00:00.000Z,1.2,16.32,3.13,2.2,4.67,1.921,553
2023-01-20T00:00:00.000Z,1.4,31.2,5.53,3.3,11.47,5.229,523
2023-01-21T00:00:00.000Z,3.9,12.7,7.43,6.5,8.73,1.764,488
2023-01-22T00:00:00.000Z,3.27,14.5,7.6,5.42,9.36,2.391,544
2023-01-23T00:00:00.000Z,2.9,10.37,4.97,4.4,5.6,1.109,438
2023-01-24T00:00:00.000Z,1.8,11.27,4.62,3.7,5.93,1.828,512
2023-01-25T00:00:00.000Z,0.6,5.33,2.12,1.6,2.83,0.919,480
2023-01-26T00:00:00.000Z,0.5,9.6,1.4,1.03,4.3,2.417,530
2023-01-27T00:00:00.000Z,0.5,23.57,1.33,1.07,2.29,1.531,417
2023-01-28T00:00:00.000Z,0.5,4.2,1.67,1.23,2.09,0.596,524
2023-01-29T00:00:00.000Z,1,4.3,2.1,1.77,2.43,0.518,507
2023-01-30T00:00:00.000Z,0.4,14.97,0.97,0.7,1.3,1.006,507
2023-01-31T00:00:00.000Z,0.37,25.43,1.5,0.87,2.6,1.483,492
2023-02-01T00:00:00.000Z,0.7,8.4,2.31,1.79,2.95,1.03,500
2023-02-02T00:00:00.000Z,0.43,8.1,1.17,0.9,1.5,0.613,493
2023-02-03T00:00:00.000Z,0.5,8.9,2.1,1.3,3.1,1.391,386
2023-02-04T00:00:00.000Z,0.7,4.83,1.47,1.17,2.31,0.835,552
2023-02-05T00:00:00.000Z,0.6,4.2,1.6,1.1,2.29,0.806,481
2023-02-06T00:00:00.000Z,0.8,4.07,2.1,1.57,2.7,0.745,439
2023-02-07T00:00:00.000Z,2.63,11.57,4.57,3.85,5.8,1.451,456
2023-02-08T00:00:00.000Z,2.4,20.9,4.9,3.93,6.97,2.18,387
2023-02-09T00:00:00.000Z,0.4,12.3,5.73,3.43,7.29,2.693,452
2023-02-10T00:00:00.000Z,0.4,10,1,0.77,1.59,0.789,465
2023-02-11T00:00:00.000Z,0.5,8.43,1.7,1.29,2.29,0.806,424
2023-02-12T00:00:00.000Z,0.8,5.3,2.2,1.63,2.83,0.808,493
2023-02-13T00:00:00.000Z,0.63,2.97,1.2,1,1.4,0.29,365
2023-02-14T00:00:00.000Z,0.6,13.3,1.63,1.23,3.9,3.348,449
2023-02-15T00:00:00.000Z,3.27,13.4,7.5,5.87,9.11,2.186,380
2023-02-16T00:00:00.000Z,5.09,22.07,11.2,8.23,15.4,4.072,407
2023-02-17T00:00:00.000Z,1.53,23.47,8.8,6.55,10.82,3.788,389
2023-02-18T00:00:00.000Z,0.3,5.5,0.8,0.6,1.2,0.675,495
2023-02-19T00:00:00.000Z,0.4,2.47,0.9,0.7,1,0.251,433
2023-02-20T00:00:00.000Z,0.4,6.77,0.9,0.73,1.1,0.485,524
2023-02-21T00:00:00.000Z,0.73,6.77,3.33,2.7,4.2,1.167,493
2023-02-22T00:00:00.000Z,1.93,8.47,4.3,3.13,5.3,1.351,395
2023-02-23T00:00:00.000Z,1.53,6.77,3.3,2.7,4.09,1.076,372
2023-02-24T00:00:00.000Z,0.77,5.23,1.8,1.4,2.93,1.046,506
2023-02-25T00:00:00.000Z,0.5,4.47,1.27,1,1.6,0.699,411
2023-02-26T00:00:00.000Z,0.5,3.87,1.1,0.9,1.8,0.685,509
2023-02-27T00:00:00.000Z,0.4,4.2,1.3,0.97,1.67,0.546,498
2023-02-28T00:00:00.000Z,0.4,2.7,0.8,0.67,1.07,0.355,427
2023-03-01T00:00:00.000Z,0.4,2.43,0.9,0.77,1.1,0.272,524
2023-03-02T00:00:00.000Z,0.3,3.33,1,0.8,1.25,0.402,533
2023-03-03T00:00:00.000Z,0.5,3.83,1.2,0.93,1.53,0.547,408
2023-03-04T00:00:00.000Z,0.43,3.3,0.83,0.7,1,0.265,526
2023-03-05T00:00:00.000Z,0.4,1.97,0.9,0.8,1.1,0.263,540
2023-03-06T00:00:00.000Z,0.5,3,1.07,0.9,1.27,0.286,518
2023-03-07T00:00:00.000Z,0.6,5.97,2.8,1.57,3.4,1.096,513
2023-03-08T00:00:00.000Z,0.83,3.6,1.93,1.65,2.2,0.425,537
2023-03-09T00:00:00.000Z,0.56,6.4,2.29,1.07,3.2,1.216,468
2023-03-10T00:00:00.000Z,0.63,5.7,2,1.37,3,1.091,544
2023-03-11T00:00:00.000Z,0.7,8.13,2.2,1.73,3.2,1.205,533
2023-03-12T00:00:00.000Z,0.47,3.73,1.1,0.8,1.5,0.485,532
2023-03-13T00:00:00.000Z,0.7,5.8,1.79,1.4,2.29,0.864,530
2023-03-14T00:00:00.000Z,0.56,3.27,1.23,0.97,1.73,0.611,400
2023-03-15T00:00:00.000Z,0.5,12.1,1,0.87,1.2,0.586,538
2023-03-16T00:00:00.000Z,0.67,7.17,1.83,1.27,2.67,1.212,534
2023-03-17T00:00:00.000Z,1.1,10.3,2.7,2.1,5.45,2.408,529
2023-03-18T00:00:00.000Z,7.13,33.07,14,12,18.19,5.437,420
2023-03-19T00:00:00.000Z,1.1,22,8.6,4.83,11.07,4.917,515
2023-03-20T00:00:00.000Z,0.4,14.43,3.17,0.9,8.02,4.099,504
2023-03-21T00:00:00.000Z,0.47,8.9,3.19,1.3,4.72,1.856,524
2023-03-22T00:00:00.000Z,0.97,9.63,3.4,2.1,5.52,2.029,513
2023-03-23T00:00:00.000Z,1.37,5.6,3.22,2.62,3.73,0.853,528
2023-03-24T00:00:00.000Z,0.3,9.4,2.8,1.12,3.53,1.554,496
2023-03-25T00:00:00.000Z,0.3,4.67,1.67,1.33,2.1,0.686,491
2023-03-26T00:00:00.000Z,0.7,3.13,1.43,1.25,1.63,0.306,401
2023-03-27T00:00:00.000Z,0.7,3.57,1.67,1.4,1.93,0.386,465
2023-03-28T00:00:00.000Z,0.4,2.73,1.27,1,1.5,0.373,507
2023-03-29T00:00:00.000Z,0.7,4.33,1.63,1.3,2.1,0.606,439
2023-03-30T00:00:00.000Z,0.83,3.8,1.4,1.23,1.6,0.315,514
2023-03-31T00:00:00.000Z,0.67,3.1,1.5,1.3,1.7,0.327,499
2023-04-01T00:00:00.000Z,0.5,3.6,1.57,1.27,1.8,0.47,303
2023-04-02T00:00:00.000Z,0.7,3.8,1.53,1.27,1.8,0.431,434
2023-04-03T00:00:00.000Z,0.6,3.97,1.5,1.23,1.83,0.464,521
2023-04-04T00:00:00.000Z,0.8,6.03,1.6,1.33,2,0.68,567
2023-04-05T00:00:00.000Z,0.8,4.09,1.9,1.5,2.29,0.578,560
2023-04-06T00:00:00.000Z,1.12,5.23,2.33,1.92,3,0.722,585
2023-04-07T00:00:00.000Z,0.9,7.83,2.17,1.67,3.5,1.46,557
2023-04-08T00:00:00.000Z,0.63,6.5,1.7,1.33,2.67,1.159,578
2023-04-09T00:00:00.000Z,0.7,6.2,2.8,1.63,3.8,1.287,577
2023-04-10T00:00:00.000Z,1.12,7.87,4.09,2.52,5.33,1.559,478
2023-04-11T00:00:00.000Z,2.1,11.93,7.2,5.2,8.69,2.126,574
2023-04-12T00:00:00.000Z,6.13,17.1,10.5,9.5,11.62,1.808,572
2023-04-13T00:00:00.000Z,3.5,10.97,5.52,4.8,6.83,1.413,580
2023-04-14T00:00:00.000Z,2.73,7.5,4.26,3.9,4.8,0.724,576
2023-04-15T00:00:00.000Z,2.1,5.4,3.3,2.93,3.7,0.559,582
2023-04-16T00:00:00.000Z,2.02,5.37,3.1,2.77,3.47,0.533,581
2023-04-17T00:00:00.000Z,1.1,5.5,2.37,1.93,2.97,0.712,578
2023-04-18T00:00:00.000Z,0.5,7.03,1.1,0.83,1.73,0.609,581
2023-04-19T00:00:00.000Z,0.6,5.57,1.37,1.03,1.8,0.636,491
2023-04-20T00:00:00.000Z,0.67,30.3,1.87,1.3,3.3,3.183,585
2023-04-21T00:00:00.000Z,0.73,15.07,3,1.9,4.87,2.16,522
2023-04-22T00:00:00.000Z,0.9,7.2,2.1,1.67,2.67,0.838,507
2023-04-23T00:00:00.000Z,1,21.83,2.2,1.8,5.6,4.497,375
2023-04-24T00:00:00.000Z,1.23,6.07,3.1,2.63,3.7,0.851,574
2023-04-25T00:00:00.000Z,0.8,15.7,5.3,2.57,10,3.847,582
2023-04-26T00:00:00.000Z,0.5,16.77,1.27,0.9,2.44,4.629,572
2023-04-27T00:00:00.000Z,0.5,4.7,1.17,0.9,1.57,0.617,584
2023-04-28T00:00:00.000Z,0.4,3.7,0.9,0.73,1.23,0.498,395
2023-04-29T00:00:00.000Z,0.6,5.4,1.67,1.2,2.2,0.768,568
2023-04-30T00:00:00.000Z,0.5,9.4,0.97,0.8,1.27,1.611,412
2023-05-01T00:00:00.000Z,0.67,9,2.7,2.1,4.9,1.912,565
2023-05-02T00:00:00.000Z,0.3,6.1,0.95,0.72,1.2,0.447,564
2023-05-03T00:00:00.000Z,0.5,3.53,1.12,0.9,1.52,0.487,408
2023-05-04T00:00:00.000Z,0.63,3.63,1.5,1.17,1.87,0.527,578
2023-05-05T00:00:00.000Z,0.8,29.97,2.2,1.7,3.13,1.908,393
2023-05-06T00:00:00.000Z,0.7,5.97,1.9,1.43,2.5,0.763,578
2023-05-07T00:00:00.000Z,0.9,5.8,1.83,1.43,2.22,0.573,448
2023-05-08T00:00:00.000Z,1.03,6.67,2.17,1.83,2.57,0.714,558
2023-05-09T00:00:00.000Z,1.77,10.1,3.37,2.83,4.03,0.885,579
2023-05-10T00:00:00.000Z,2,11.1,3.8,3.1,4.7,1.185,571
2023-05-11T00:00:00.000Z,1.9,6.1,3.1,2.73,3.6,0.69,562
2023-05-12T00:00:00.000Z,1.37,25.63,3.13,2.67,3.6,1.28,584
2023-05-13T00:00:00.000Z,1.7,46.27,3.23,2.7,3.8,2.099,573
2023-05-14T00:00:00.000Z,1.47,14.6,3.37,2.67,5.39,1.869,573
2023-05-15T00:00:00.000Z,2.37,12.2,4.4,3.53,5.63,1.481,574
2023-05-16T00:00:00.000Z,1.77,13.13,6.2,5.2,7.97,2.035,459
2023-05-17T00:00:00.000Z,0.3,7.73,0.97,0.7,3,2.145,561
2023-05-18T00:00:00.000Z,0.47,3.83,0.95,0.8,1.2,0.411,574
2023-05-19T00:00:00.000Z,0.6,8.57,1.6,1.37,1.93,0.61,572
2023-05-20T00:00:00.000Z,0.7,3.63,1.6,1.3,2,0.502,586
2023-05-21T00:00:00.000Z,1.1,3.87,2.13,1.87,2.4,0.422,577
2023-05-22T00:00:00.000Z,1.57,9.97,2.8,2.29,3.6,1.53,535
2023-05-23T00:00:00.000Z,1.63,8.43,2.7,2.29,3.5,1.103,570
2023-05-24T00:00:00.000Z,1.77,9.69,3.27,2.8,4.47,1.4,579
2023-05-25T00:00:00.000Z,1,7.5,2.02,1.7,2.43,0.633,536
2023-05-26T00:00:00.000Z,0.47,9.63,1.4,1,1.9,0.738,425
2023-05-27T00:00:00.000Z,0.6,5.9,1.43,1.12,1.87,0.579,467
2023-05-28T00:00:00.000Z,0.8,5.09,2.23,1.4,3.07,0.961,489
2023-05-29T00:00:00.000Z,0.5,2.67,1.2,1,1.5,0.373,494
2023-05-30T00:00:00.000Z,0.8,3.63,1.73,1.5,1.97,0.399,576
2023-05-31T00:00:00.000Z,0.6,3.43,1.23,1,1.5,0.384,349
2023-06-01T00:00:00.000Z,0.4,11.23,1.1,0.9,1.4,0.601,563
2023-06-02T00:00:00.000Z,0.3,3.1,0.8,0.6,1.1,0.414,576
2023-06-03T00:00:00.000Z,0.53,2.9,1.1,0.9,1.33,0.398,457
2023-06-04T00:00:00.000Z,0.3,2.29,0.8,0.6,1.07,0.356,578
2023-06-05T00:00:00.000Z,0.56,4,1.4,1.1,2.02,0.718,569
2023-06-06T00:00:00.000Z,0.77,6.1,2.29,1.6,2.7,0.862,362
2023-06-07T00:00:00.000Z,0.5,4.76,1.12,1,1.4,0.43,577
2023-06-08T00:00:00.000Z,0.6,4.59,1.6,1.1,2.2,0.698,437
2023-06-09T00:00:00.000Z,0.4,2.52,0.87,0.7,1.1,0.322,561
2023-06-10T00:00:00.000Z,0.4,7.33,1,0.8,1.43,0.625,575
2023-06-11T00:00:00.000Z,0.63,3.7,1.4,1.12,1.8,0.469,583
2023-06-12T00:00:00.000Z,0.7,7.3,1.7,1.4,2.06,0.666,576
2023-06-13T00:00:00.000Z,1,4.63,2.2,1.93,2.5,0.455,571
2023-06-14T00:00:00.000Z,1.6,18.7,3.5,3.03,4,1.683,565
2023-06-15T00:00:00.000Z,2,13.7,4,3.4,4.8,1.62,574
2023-06-16T00:00:00.000Z,2.5,11.57,5.8,4.47,7.2,1.753,579
2023-06-17T00:00:00.000Z,4.2,9.4,6.63,5.6,7.23,1.061,571
2023-06-18T00:00:00.000Z,6.17,21.37,10.85,8.8,12.73,2.529,572
2023-06-19T00:00:00.000Z,5.17,26.17,12.77,9.44,16.7,4.442,373
2023-06-20T00:00:00.000Z,3.8,23.07,6.37,5.5,7.1,1.293,567
2023-06-21T00:00:00.000Z,4.23,11.2,6.63,6,7.47,1.289,570
2023-06-22T00:00:00.000Z,1.73,12.33,3.4,2.7,6.23,2.496,581
2023-06-23T00:00:00.000Z,1.5,6.5,3.8,3,4.37,0.918,569
2023-06-24T00:00:00.000Z,0.7,7.8,1.57,1.27,2.33,1.067,574
2023-06-25T00:00:00.000Z,1.1,5.7,2.43,1.9,2.93,0.907,584
2023-06-26T00:00:00.000Z,0.93,5.27,2.52,1.87,3.3,0.929,501
2023-06-27T00:00:00.000Z,1.47,7.57,3,2.57,4.38,1.341,577
2023-06-28T00:00:00.000Z,2.5,8.17,4.23,3.6,4.93,0.95,585
2023-06-29T00:00:00.000Z,1.3,12.1,4.07,3.27,4.7,1.228,581
2023-06-30T00:00:00.000Z,1.03,14.27,3.43,2.73,4.43,1.516,579
2023-07-01T00:00:00.000Z,1,6.4,3,2.6,3.57,0.93,376
2023-07-02T00:00:00.000Z,1.43,5.9,2.73,2.4,3.17,0.749,580
2023-07-03T00:00:00.000Z,0.9,14.8,2.1,1.6,2.7,1.299,555
2023-07-04T00:00:00.000Z,0.8,35.47,1.9,1.53,2.29,1.899,414
2023-07-05T00:00:00.000Z,1.2,37,2.63,2.1,3.27,1.774,547
2023-07-06T00:00:00.000Z,1.1,7.3,3.27,2.15,4.19,1.368,277
2023-07-07T00:00:00.000Z,0.9,6.87,1.83,1.6,2.2,0.498,516
2023-07-08T00:00:00.000Z,1.37,5.09,2.69,2.2,3.07,0.617,352
2023-07-09T00:00:00.000Z,0.9,4.2,2.1,1.73,2.5,0.589,367
2023-07-10T00:00:00.000Z,1.03,4.3,1.7,1.47,1.97,0.541,346
2023-07-11T00:00:00.000Z,1.1,4.63,2.1,1.77,3,0.795,539
2023-07-12T00:00:00.000Z,1.6,6.8,2.8,2.4,3.33,0.778,555
2023-07-13T00:00:00.000Z,0.73,4.8,1.6,1.3,2.27,0.804,554
2023-07-14T00:00:00.000Z,0.7,65.7,1.6,1.27,2.02,2.864,532
2023-07-15T00:00:00.000Z,0.6,4.5,1.5,1.2,1.8,0.475,579
2023-07-16T00:00:00.000Z,1.2,7.5,2.38,2,3.1,0.986,580
2023-07-17T00:00:00.000Z,0.9,6.6,2.33,1.6,3.3,0.944,391
2023-07-18T00:00:00.000Z,0.4,6.4,1.2,0.9,1.57,0.54,586
2023-07-19T00:00:00.000Z,0.3,3.2,1.4,1,1.83,0.546,471
2023-07-20T00:00:00.000Z,0.5,3.97,1.4,1.12,1.77,0.507,565
2023-07-21T00:00:00.000Z,0.4,24.13,1.5,1.1,1.87,1.165,586
2023-07-22T00:00:00.000Z,0.5,3.3,1.33,1.1,1.8,0.534,586
2023-07-23T00:00:00.000Z,0.6,3,1.3,1.1,1.6,0.441,581
2023-07-24T00:00:00.000Z,0.6,10.8,1.8,1.3,3.53,2.356,587
2023-07-25T00:00:00.000Z,0.5,15.9,3.63,2,9.3,4.094,579
2023-07-26T00:00:00.000Z,0.5,15.4,1.63,1.3,2,0.808,579
2023-07-27T00:00:00.000Z,0.4,5.5,1.4,1,2.13,0.736,580
2023-07-28T00:00:00.000Z,0.56,7.8,1.52,1.2,2.1,0.83,582
2023-07-29T00:00:00.000Z,0.7,4.4,1.5,1.2,2.23,0.707,579
2023-07-30T00:00:00.000Z,1.3,9.57,3.47,2.6,4.17,1.375,585
2023-07-31T00:00:00.000Z,1.1,11.43,3.8,2.6,6.7,2.64,579
2023-08-01T00:00:00.000Z,0.8,6.23,1.83,1.5,2.29,0.682,586
2023-08-02T00:00:00.000Z,0.7,5.2,1.53,1.23,2.27,0.808,576
2023-08-03T00:00:00.000Z,1.4,9.77,4.5,3.27,5.37,1.555,571
2023-08-04T00:00:00.000Z,0.5,6.93,2.62,1.67,3.83,1.335,582
2023-08-05T00:00:00.000Z,1.7,6.8,3.1,2.63,3.7,0.803,581
2023-08-06T00:00:00.000Z,2.02,19.67,5.07,3.63,6.5,3.137,583
2023-08-07T00:00:00.000Z,0.8,23.17,13.33,5.5,16.1,6.187,583
2023-08-08T00:00:00.000Z,0.5,6.67,1.49,1.17,1.9,0.58,586
2023-08-09T00:00:00.000Z,1.2,14.55,2.27,1.97,2.7,0.837,582
2023-08-10T00:00:00.000Z,0.7,4.07,1.9,1.6,2.27,0.534,570
2023-08-11T00:00:00.000Z,0.5,4.5,1.77,1.1,2.47,0.788,572
2023-08-12T00:00:00.000Z,0.93,19.93,2.1,1.67,3,1.201,588
2023-08-13T00:00:00.000Z,0.3,7.7,2.77,1.3,3.4,1.404,579
2023-08-14T00:00:00.000Z,1.47,7.43,3.13,2.67,3.63,0.791,582
2023-08-15T00:00:00.000Z,1.3,97.07,4.37,3.3,6.43,4.52,582
2023-08-16T00:00:00.000Z,0.6,22.57,2.47,1.5,14.33,6.967,583
2023-08-17T00:00:00.000Z,0.83,3.17,1.57,1.33,1.8,0.369,584
2023-08-18T00:00:00.000Z,0.6,6.5,1.73,1.4,2.1,0.636,582
2023-08-19T00:00:00.000Z,1,7.37,3.4,2.47,4.09,1.232,577
2023-08-20T00:00:00.000Z,0.93,27.3,2.93,2.02,12,7.471,563
2023-08-21T00:00:00.000Z,1.1,20.87,2.7,2.02,4.59,4.87,573
2023-08-22T00:00:00.000Z,0.7,9.67,2.23,1.7,3.7,1.211,571
2023-08-23T00:00:00.000Z,1.57,6.07,2.77,2.4,3.33,0.791,583
2023-08-24T00:00:00.000Z,0.93,4.53,2.29,1.77,2.73,0.676,582
2023-08-25T00:00:00.000Z,1.9,7.9,3.63,3.1,4.3,0.909,581
2023-08-26T00:00:00.000Z,1.03,30.3,3.83,2.4,12.3,7.967,583
2023-08-27T00:00:00.000Z,0.9,23.63,2,1.5,2.77,4.094,568
2023-08-28T00:00:00.000Z,0.67,7.27,2.63,1.4,3.3,1.441,577
2023-08-29T00:00:00.000Z,0.7,5.27,1.9,1.5,2.5,0.739,581
2023-08-30T00:00:00.000Z,0.77,6.47,1.8,1.43,2.8,0.956,578
2023-08-31T00:00:00.000Z,0.7,4.67,1.8,1.33,2.37,0.681,579
2023-09-01T00:00:00.000Z,0.6,11.1,2.57,1.8,3.77,1.841,571
2023-09-02T00:00:00.000Z,0.4,20.93,1.2,0.97,1.6,3.216,572
2023-09-03T00:00:00.000Z,0.43,3.9,1.23,0.83,2,0.747,572
2023-09-04T00:00:00.000Z,1.27,4.9,2.8,2.31,3.27,0.669,576
2023-09-05T00:00:00.000Z,0.56,3.93,2.29,1.83,2.67,0.74,581
2023-09-06T00:00:00.000Z,0.4,3.27,1.1,0.87,1.57,0.516,573
2023-09-07T00:00:00.000Z,0.8,5.5,1.8,1.47,2.17,0.728,586
2023-09-08T00:00:00.000Z,1.73,14.47,6.4,4.63,8.19,2.271,582
2023-09-09T00:00:00.000Z,1.9,30.67,10.87,3.45,14.68,7.57,572
2023-09-10T00:00:00.000Z,6.5,34.07,16.3,8.9,22.12,8.456,581
2023-09-11T00:00:00.000Z,8.23,30.03,16.3,11.2,21.43,5.793,582
2023-09-12T00:00:00.000Z,3.17,24.83,13.12,10.9,16.1,3.918,580
2023-09-13T00:00:00.000Z,0.53,8.47,1.6,1.17,2.67,1.691,547
2023-09-14T00:00:00.000Z,0.4,5.17,0.9,0.73,1.2,0.823,579
2023-09-15T00:00:00.000Z,0.7,4.83,1.7,1.37,2.57,0.745,563
2023-09-16T00:00:00.000Z,1.27,6.7,2.29,1.87,2.8,0.712,582
2023-09-17T00:00:00.000Z,0.4,5,1.03,0.8,1.43,1.047,585
2023-09-18T00:00:00.000Z,0.6,6.4,1.4,1.12,1.93,0.945,572
2023-09-19T00:00:00.000Z,0.87,22.3,2.8,1.7,13.84,6.926,549
2023-09-20T00:00:00.000Z,0.3,4.83,1.2,0.7,2,0.766,544
2023-09-21T00:00:00.000Z,2.2,9.63,3.7,3.2,5.12,1.429,584
2023-09-22T00:00:00.000Z,3.87,20.83,6.37,5.5,8.13,3.703,570
2023-09-23T00:00:00.000Z,0.7,20.47,1.8,1.4,2.77,2.019,587
2023-09-24T00:00:00.000Z,0.5,3.9,1.4,0.9,2,0.706,571
2023-09-25T00:00:00.000Z,1.17,5.2,2.27,1.8,2.7,0.608,583
2023-09-26T00:00:00.000Z,2.13,21.33,3.6,3.07,4.76,4.607,564
2023-09-27T00:00:00.000Z,4.4,20.73,8.93,7.03,14,4.39,563
2023-09-28T00:00:00.000Z,4,45,17.8,13.2,26.97,10.079,583
2023-09-29T00:00:00.000Z,1.8,30.8,9.1,4.45,16.63,7.646,585
2023-09-30T00:00:00.000Z,0.8,10.3,2.17,1.5,3.4,1.758,577
2023-10-01T00:00:00.000Z,0.4,4.33,1.8,1.1,2.5,0.857,552
2023-10-02T00:00:00.000Z,1.47,6.43,3.2,2.57,3.93,0.866,546
2023-10-03T00:00:00.000Z,1.97,8.8,4.33,3.32,5.2,1.157,569
2023-10-04T00:00:00.000Z,0.4,4.2,1.2,0.8,2.47,0.958,575
2023-10-05T00:00:00.000Z,0.56,3.07,1.5,1.17,1.83,0.491,573
2023-10-06T00:00:00.000Z,0.4,4.13,1.6,1.3,2,0.648,572
2023-10-07T00:00:00.000Z,0.3,1.93,0.7,0.5,0.8,0.217,567
2023-10-08T00:00:00.000Z,0.3,2,0.73,0.6,0.9,0.221,570
2023-10-09T00:00:00.000Z,0.4,6.5,0.8,0.7,1.3,0.778,554
2023-10-10T00:00:00.000Z,0.7,3.8,1.6,1.3,1.97,0.516,542
2023-10-11T00:00:00.000Z,0.5,11.4,2.87,2.02,6.13,2.795,559
2023-10-12T00:00:00.000Z,0.4,3.3,0.87,0.67,1.62,0.722,565
2023-10-13T00:00:00.000Z,0.4,8.47,1.93,1.2,3,1.343,559
2023-10-14T00:00:00.000Z,0.4,4.63,1.9,1.33,2.4,0.748,565
2023-10-15T00:00:00.000Z,0.3,2.8,0.8,0.6,1.1,0.459,571
2023-10-16T00:00:00.000Z,0.4,3.2,0.8,0.67,0.99,0.267,565
2023-10-17T00:00:00.000Z,0.47,27.53,1,0.8,1.23,1.197,564
2023-10-18T00:00:00.000Z,0.4,4.17,1.6,0.8,2.2,0.783,554
2023-10-19T00:00:00.000Z,0.6,4.23,1.63,1.3,2.17,0.666,553
2023-10-20T00:00:00.000Z,0.6,2.8,1.23,1.03,1.43,0.316,584
2023-10-21T00:00:00.000Z,0.5,3.17,1.5,1.07,1.9,0.547,579
2023-10-22T00:00:00.000Z,0.5,2.73,1,0.8,1.27,0.374,578
2023-10-23T00:00:00.000Z,0.47,9.63,1.33,1.07,1.6,0.61,578
2023-10-24T00:00:00.000Z,0.93,4.93,1.9,1.63,2.2,0.481,574
2023-10-25T00:00:00.000Z,0.9,7.3,2.13,1.57,3.6,1.572,582
2023-10-26T00:00:00.000Z,0.9,5,1.7,1.4,2.63,0.881,578
2023-10-27T00:00:00.000Z,1.23,5.37,3.03,2.67,3.43,0.609,580
2023-10-28T00:00:00.000Z,0.77,3.83,1.8,1.47,2.13,0.496,587
2023-10-29T00:00:00.000Z,0.4,3.53,1.5,1.07,1.8,0.525,576
2023-10-30T00:00:00.000Z,0.5,6.4,1.5,1.1,2.13,1.21,584
2023-10-31T00:00:00.000Z,0.4,7.17,2.33,0.83,3.95,1.765,585
2023-11-01T00:00:00.000Z,0.3,2.02,0.7,0.56,0.8,0.235,564
2023-11-02T00:00:00.000Z,0.47,8.17,1.53,1,3.63,1.768,550
2023-11-03T00:00:00.000Z,2.2,13.2,6,4.34,8.57,2.602,581
2023-11-04T00:00:00.000Z,0.4,11.93,4.09,2.5,7,2.967,583
2023-11-05T00:00:00.000Z,1.4,10.77,4.23,3.4,5.4,1.403,584
2023-11-06T00:00:00.000Z,1.6,9.17,4.79,3.7,6.07,1.657,572
2023-11-07T00:00:00.000Z,0.6,10.19,1.53,1.07,3.87,1.688,572
2023-11-08T00:00:00.000Z,0.5,6.33,2.1,1.6,2.63,1.004,577
2023-11-09T00:00:00.000Z,0.7,10.07,3.63,2.4,5.55,1.986,548
2023-11-10T00:00:00.000Z,1.33,14.13,5.53,3.75,7.4,2.756,573
2023-11-11T00:00:00.000Z,1.6,16.89,4.59,3.67,8.02,3.142,579
2023-11-12T00:00:00.000Z,0.8,7.5,2.04,1.5,2.83,0.984,354
2023-11-13T00:00:00.000Z,0.9,4.09,1.67,1.37,2.5,0.696,582
2023-11-14T00:00:00.000Z,0.67,6.7,1.4,1.2,1.8,1.042,581
2023-11-15T00:00:00.000Z,1.1,6.3,3,2.38,3.55,0.897,580
2023-11-16T00:00:00.000Z,1.2,6.53,3.09,2.29,3.9,1.029,584
2023-11-17T00:00:00.000Z,0.93,6.1,2.4,1.73,3.22,0.965,572
2023-11-18T00:00:00.000Z,1.1,5.2,2.27,1.8,2.87,0.817,575
2023-11-19T00:00:00.000Z,1.17,8.1,3.1,2.47,4.07,1.111,574
2023-11-20T00:00:00.000Z,1.63,7.13,3.2,2.6,3.93,1.133,580
2023-11-21T00:00:00.000Z,0.67,3.6,2.1,1.5,2.52,0.667,572
2023-11-22T00:00:00.000Z,1.12,8.77,2.57,2.02,3.3,1.66,339
2023-11-27T00:00:00.000Z,1.3,4.8,2.29,2,2.6,0.482,314
2023-11-28T00:00:00.000Z,0.8,5.7,2.63,2.06,3.4,0.925,587
2023-11-29T00:00:00.000Z,0.8,6.33,2.8,2.33,3.4,0.923,586
2023-11-30T00:00:00.000Z,1.5,4.8,2.9,2.5,3.33,0.591,585
2023-12-01T00:00:00.000Z,1.1,6.1,2.63,2.2,3.7,1.032,584
2023-12-02T00:00:00.000Z,1.93,5.3,3.3,2.9,3.77,0.626,520
2023-12-03T00:00:00.000Z,1.9,7.8,3.17,2.83,3.5,0.518,587
2023-12-04T00:00:00.000Z,1.3,7.4,2.52,2.2,3.03,0.85,586
2023-12-05T00:00:00.000Z,2.47,9.83,5.09,4.37,6.3,1.425,579
2023-12-06T00:00:00.000Z,1.83,15.2,4.3,3.37,7.85,3.236,587
2023-12-07T00:00:00.000Z,2.2,16.7,6.93,3.99,9.9,3.483,581
2023-12-08T00:00:00.000Z,4.9,16.07,9.02,7.3,11.37,2.566,586
2023-12-09T00:00:00.000Z,2.6,15.37,6.62,4.23,8.52,2.926,588
2023-12-10T00:00:00.000Z,5.93,18.2,12.6,10.79,14.49,2.317,584
2023-12-11T00:00:00.000Z,2.2,14.9,6.6,4.9,9.17,2.684,583
2023-12-12T00:00:00.000Z,2.9,9.27,5.09,4.4,5.9,1.15,585
2023-12-13T00:00:00.000Z,1.57,5.97,3.53,2.73,4.37,0.985,588
2023-12-14T00:00:00.000Z,1.33,4.67,2.87,2.47,3.3,0.576,585
2023-12-15T00:00:00.000Z,1.53,8.52,3.93,3.1,5.5,1.485,589
2023-12-16T00:00:00.000Z,1.23,5.7,2.9,2.29,3.5,0.847,582
2023-12-17T00:00:00.000Z,1.2,5.5,2.5,2.13,3,0.661,586
2023-12-18T00:00:00.000Z,0.56,5.03,1.73,1.2,2.9,1.002,583
2023-12-19T00:00:00.000Z,0.3,4.59,1.3,0.9,2.23,0.846,574
2023-12-20T00:00:00.000Z,1,8.47,3.17,2.33,4,1.233,587
2023-12-21T00:00:00.000Z,0.43,7.73,2.13,1.2,3.2,1.545,589
2023-12-22T00:00:00.000Z,0.4,4.73,1.67,0.97,2.23,0.828,587
2023-12-23T00:00:00.000Z,0.87,3.13,1.77,1.57,2,0.372,587
2023-12-24T00:00:00.000Z,0.8,5.7,1.9,1.5,3.2,1.026,579
2023-12-25T00:00:00.000Z,0.8,6.93,2.33,1.53,3,1.229,586
2023-12-26T00:00:00.000Z,1.27,4.76,2.5,2.1,3.1,0.683,516
2023-12-27T00:00:00.000Z,0.56,3.67,1.43,1.17,1.7,0.415,584
2023-12-28T00:00:00.000Z,0.7,11.27,1.9,1.5,2.77,1.857,583
2023-12-29T00:00:00.000Z,0.7,9.86,3.4,2.2,5.45,2.025,576
2023-12-30T00:00:00.000Z,0.97,6.5,3,2.33,3.77,1.068,586
2023-12-31T00:00:00.000Z,0.6,26.37,1.97,1.4,2.43,1.958,582
2024-01-01T00:00:00.000Z,1,3.67,2,1.73,2.4,0.508,574
2024-01-02T00:00:00.000Z,0.67,2.83,1.4,1.14,1.7,0.372,476
2024-01-03T00:00:00.000Z,0.47,2.63,1.09,0.9,1.3,0.307,570
2024-01-04T00:00:00.000Z,0.8,3.53,1.8,1.6,2.1,0.407,582
2024-01-05T00:00:00.000Z,1.02,4.32,2.06,1.73,2.52,0.611,578
2024-01-06T00:00:00.000Z,1.35,5.93,2.54,2.1,3.91,1.064,584
2024-01-07T00:00:00.000Z,2.4,10,4.34,3.59,5.46,1.436,584
2024-01-08T00:00:00.000Z,1.03,4.83,2,1.7,2.37,0.512,584
2024-01-09T00:00:00.000Z,0.6,2.6,1.3,1.12,1.5,0.311,584
2024-01-10T00:00:00.000Z,0.5,1.93,0.97,0.8,1.1,0.203,580
2024-01-11T00:00:00.000Z,0.4,2.97,0.9,0.7,1.2,0.399,589
2024-01-12T00:00:00.000Z,0.4,3.97,0.97,0.8,1.35,0.455,589
2024-01-13T00:00:00.000Z,0.8,7.87,1.83,1.4,2.8,1.441,584
2024-01-14T00:00:00.000Z,0.6,6.43,1.2,1,1.7,1.404,578
2024-01-15T00:00:00.000Z,0.4,3.03,1.1,0.9,1.3,0.381,583
2024-01-16T00:00:00.000Z,0.56,4.3,1.35,1.05,2.09,0.79,577
2024-01-17T00:00:00.000Z,0.8,5.8,2.6,1.97,3.17,0.949,584
2024-01-18T00:00:00.000Z,0.7,3.4,1.3,1.1,1.57,0.39,589
2024-01-19T00:00:00.000Z,0.7,13.07,2.22,1.67,3.9,2.619,582
2024-01-20T00:00:00.000Z,2.33,25.25,4.33,3.7,5.25,1.505,590
2024-01-21T00:00:00.000Z,0.6,11.2,2.7,2.1,4.34,2.402,585
2024-01-22T00:00:00.000Z,0.9,7.13,3.5,2.2,4.7,1.456,582
2024-01-23T00:00:00.000Z,0.4,6.17,2.85,0.9,3.87,1.524,582
2024-01-24T00:00:00.000Z,0.63,9.33,2.06,1.37,3.87,1.858,571
2024-01-25T00:00:00.000Z,0.5,4.47,1.2,0.97,1.57,0.602,589
2024-01-26T00:00:00.000Z,0.6,11.8,2.29,1.52,4.42,2.1,584
2024-01-27T00:00:00.000Z,0.7,6.87,2.5,1.53,3.63,1.304,588
2024-01-28T00:00:00.000Z,0.93,5.57,2.5,2.1,2.9,0.604,586
2024-01-29T00:00:00.000Z,1.1,13.17,3.7,2.2,7.05,3.328,588
2024-01-30T00:00:00.000Z,2.87,19.89,8.9,7.6,11.1,2.975,586
2024-01-31T00:00:00.000Z,0.7,12.07,2.37,1.7,6.19,3.118,588
2024-02-01T00:00:00.000Z,0.5,3.33,1.43,1.12,1.85,0.524,557
2024-02-02T00:00:00.000Z,0.67,6.1,1.7,1.3,2.5,0.832,528
2024-02-03T00:00:00.000Z,0.56,3.1,1.3,1.1,1.7,0.476,575
2024-02-04T00:00:00.000Z,0.5,3.53,1.1,0.9,1.37,0.377,572
2024-02-05T00:00:00.000Z,0.4,2.6,1.1,0.9,1.37,0.352,586
2024-02-06T00:00:00.000Z,0.8,5.77,1.57,1.3,2.12,0.824,585
2024-02-07T00:00:00.000Z,1.03,5.3,2,1.73,2.37,0.541,578
2024-02-08T00:00:00.000Z,1,9.19,2.47,1.8,3.2,1.054,559
2024-02-09T00:00:00.000Z,0.9,5.13,2.1,1.67,2.57,0.611,579
2024-02-10T00:00:00.000Z,1.1,5.5,2.69,2.1,3.1,0.705,576
2024-02-11T00:00:00.000Z,1.93,12.17,4.88,3.97,6,2.172,582
2024-02-12T00:00:00.000Z,3.07,13.37,7.7,6,9,2.163,580
2024-02-13T00:00:00.000Z,0.83,7.33,4.37,2.57,5.4,1.638,585
2024-02-14T00:00:00.000Z,1.97,15.33,7.59,5,10.37,3.222,588
2024-02-15T00:00:00.000Z,6.13,22.23,12.5,10.1,14.95,3.576,564
2024-02-16T00:00:00.000Z,0.56,19.07,3.75,1.52,8.44,4.516,584
2024-02-17T00:00:00.000Z,0.3,6.9,0.8,0.63,0.97,0.819,582
2024-02-18T00:00:00.000Z,0.5,3.1,1.2,0.9,1.6,0.508,578
2024-02-19T00:00:00.000Z,0.7,9.2,6,4.9,6.7,2.097,587
2024-02-20T00:00:00.000Z,1,10.2,4.27,2.6,6.6,2.362,587
2024-02-21T00:00:00.000Z,2.8,7.1,4.47,3.9,5.03,0.912,59
